18469,Clear demarcation line (China)
18066,Celebrity tractor 2011 (China)
17956,Armageddon row of seven (China)
17928,Fairy Magic flight chess (China)
17592,Crazy Landlords (China)
16763,Pole on China backgammon (China)
16516,Shake the dice tray (China)
16038,Points to win Masters (China)
15229,Called San Queyi (China)
15227,Super Star Mah-Jong 2 (China)
15225,Super Star Mah-Jong (China)
15220,Super Deluxe Mah-Jong (China)
15044,Blue Dice (Korea/China)
14544,Landscape painting backgammon (China)
13472,Five sons and the world - bead Kathrine (China)
12883,Super Othello 2011 (3-in-one) (China)
12381,Shanghai Mahjong Solitaire (China)
12363,Classic four - flight chess (China)
11814,Variety Q Mahjong - Dress Show (China)
11799,A real estate project situation (China)
11726,Mahjong competition to three (China)
11700,City bar boasting king 2011 (China)
11672,Mahjong Deluxe on pole (China)
11591,The worlds strongest - Silver Star Go (China)
11130,Mahjong three countries (China)
10818,Mahjong Solitaire Deluxe (China)
10217,Beauty box (China)
7018,Shining Tears Magic Landlords (China)
6290,Red Chai Mahjong 12 (China)
6207,The roots of backgammon Temptress Moon (China)
6079,3 Missing 1 Mahjong Master - Bird God Hegemony (China)
5572,Legends Of The Beautiful Woman Warrior Bird Of God (China)
5079,Chu And Qi Yuan - The Dominated (China)
5024,Mahjong Three (China)
4813,Mahjong Taohua Jie (China)
3268,Gomoku (Korea/China)
451,Black & White 2 Battle Chess (China)
449,Bear Chess (China)
390,Go
