18528,The King of Fighters 2013 (China)
17733,Magic World Journey - the peak of fighting (China)
17558,Fatal Fury (China)
17221,Lightning Dance of passion for fighting (China)
16541,Rivers and lakes of the Water Margin hegemony (China)
16504,Fighting Water Margin - Arcade Edition (China)
16223,Really Gods Warriors (China)
15189,Fighting terrorism 3D (BH Genuine) (China)
14079,Knight war Flirting (China)
13897,Super street overlord (China)
13749,Flurry of fighting - female boxing male legs (Korea/China)
13435,Fury genuine (Korea/China)
12722,Blood! Peak fighting - Extreme Edition (China)
12565,Altman - Legend of Galactic Cosmic Super-Hero (China)
12550,Three Five Tigers will be fighting (China)
12220,Blood School Overlord (China)
12059,Rally Boxer (China)
12017,True Wu Sanguo (China)
11781,Kuangbian did my heart (China)
11746,Three of the new war Cao Kuan thief (China)
11600,Jingwu fighting - king of the world (China)
11101,Ultimate Fighting Champion (China)
11012,Flurry of competition to the three (China)
10952,Water Margin (China)
10948,Water Margin 2 (China)
10051,World Martial Arts Tournament - Education Edition (China)
9356,Fun Activity Journey - God of War pocket (China)
9336,Divine Monkey Doo (China)
9312,Fighting spirit of Jiuyangzhenjing really unparalleled (China)
9256,Jing Wu Junior - Street Fighter Little Cyclone (China)
8570,Marvel Fuzion (Genuine) (China)
8506,G Gundam
8320,Q version of Street Fighter (Japan)
8311,Street supremacy (China)
7736,Sailor Moon (China)
7664,Super KO Fighting Blood Hegemony 3 (China)
7314,Naruto - Fighting 2010 Fine
7296,Descendants of the Dragon Kung Fu Asian Games (China)
7289,Water Margin Heroes (China)
7277,Tianxiangshenbing The Battles Shang Zhou (China)
7201,Kung Fu Fu Cult Master (Phoenix Genuine) (China)
7026,KO King of Fighters 2010 (China)
6180,Arcade Star - Deluxe Collectors Edition
5705,The Secret History Of Martial Arts 2 3D (China)
5177,True - Art Of Fighting (China)
4887,Dragon Ball Z (China)
4777,Arcade Fighting - Jorney to the West Ghost Biography (China)
4740,Game Of Death Bruce Lee
4500,Jorney to the West Ghost Biography (China)
4458,Fighting Girls (China)
4082,End Crisis
4079,Three Generals: Special Edition (China)
3770,Dead Or Alive - The Gates of Hell (China)
3716,Summoner
3649,KO Fighting Spirit War 2010
3646,Street Fighter 2011
3229,Hi Goat and Big Big Wolf (China)
3105,King Of Fighters 98 (China)
3096,Battle King (China)
2610,Tekken 2010 (China)
898,The King Of Fighters 2010 (China)
780,City of Sins 2
771,City of Sins
578,Three Kingdoms (China)
573,The Secret History of Martial Arts 3D
416,Three Kingdoms - Heroes Morale (China)
266,Once Upon A Time In The Strength
72,Three Hegemony 3D
