19038,Dungeon Hunter 3 (Chinese Version)
19031,Legendary Warriors - Blood Dragon Evil
19024,Dungeons and Devil May Cry Awakening (China)
18995,Jihad - Devouring Demons (China)
18955,Situation Turned (China)
18879,Fantasy Westward Journey - Variety Monkey God
18876,Three Kingdoms Era 2
18862,Martial Arts: Legend Seven Swords
18865,Martial Arts: Smile Line
18867,Martial Аrts: Ranger Transmission
18859,Legend of Ancient: Legend of the Fiery Phoenix (China)
18851,Doraemon - The Record of Nobita: Spaceblazer
18836,Hero World Loyalty of Yue Fei
18822,Gods Wars 2,5: Sword of Wind
18655,True martial arts - Sword Dance nine days (China)
18545,A weatherproof rivers and lakes - Tieqiang tenderness (China)
18532,Find clear mind (China)
18464,Love War roots pass (China)
18463,Shower of blood affectionate - subversion FY (China)
18462,And merciless killing - FY early (China)
18419,That time of the cycle (China)
18324,Devil - bloody Regulus (China)
18295,Stars robbery (China)
18261,True martial arts - Zhan rivers and lakes (China)
18256,Tale of Soul Calibur (China)
18237,Pirate emperor - Assault on Kyushu (China)
18210,Wu Moving Heaven and Earth (China)
18158,Three - era (China)
18151,The extradimensional punish ghosts legend (China)
18133,Panda Man of Mystery (China)
18130,Long Cham table 2 - Every bad luck (China)
18013,The tragedy changed - Devil May Cry Sword of the Spirit (China)
18005,Biography of Liu Bang in the Chu and Han hegemony (China)
17998,Xianlv legendary nine luminaries god (China)
17989,The Dzi Love - True Immortality (China)
17978,Dark Diablo 3 (China)
17853,Sword of Fate (China)
17843,Murder of God shrouded - inverse cents seek magic (China)
17681,Wu Qixing pass swept Kyushu (China)
17665,Expedition martyrs pass (China)
17663,Holy spirit legend (China)
17631,GU Jian Fairy - Supernatural Biography (China)
17602,Six Xuanyuan piano ink swordsman (China)
17591,Fearless Road - Zombie Letters (China)
17588,Sky fantasy (Japan/China)
17540,Sword proud Royal Suites - sin Love (China)
17533,Pet Kingdom 6 - Fire (China)
17497,Long Cham good and bad regret blame (China)
17467,The sword of God penalty (China)
17439,Chinas small-headed the Chinese cooking (China)
17388,The end of the wind-color fantasy temple (China)
17381,Mad war Shura aspect sky (China)
17375,Magic Tower - League of Legends (China)
17364,Jianmo shrouded - Lust, Caution (China)
17333,Love to move heaven and earth - the devil shrouded (China)
17241,Paladin - to ask ourselves 2 (China)
17231,The Mohist successor of Travels (China)
17214,Sword Spirit odd legend (China)
17173,Heaven girls 3 - stunning sisters (China)
17123,Sword world universe Lingyun (China)
17107,Plough righteousness recorded (China)
17103,Vanquishing the sword - fairy statue robbery (China)
17046,Sale legendary pet baby 2 (China)
16994,Honorable Knights Gu genuine (China)
16908,The dZi change thunder of martial arts (genuine) (China)
16890,The sword of the Spirit Heroes (China)
16885,Albatron Xia Ying (China)
16845,Dream of the Three Kingdoms affectionate world (China)
16828,The Jiangnan affectionate of the Sword End of the World (China)
16805,The Magic World Xian Yuan (China)
16789,The misty inverse Sin - Bloody sky (China)
16769,Non-clear Do not wear a step by step, sight (China)
16741,Extreme Sword (China)
16730,Different the world evil monarch (Genuine fiction) (China)
16727,Paladin - to ask ourselves (China)
16699,Crazy North deep margin - 100 to Make God (China)
16544,Magic Xia Chuan (China)
16506,The Macross Three Kingdoms sky pass (China)
16475,Diao heroes - Yunvxinjing (China)
16447,Dream to find the fairy Lingzhu good and bad (China)
16434,Yushan legendary Red robbery (China)
16390,Punish the devil reincarnated demons of the sword recorded (China)
16386,Prehistoric Gods - Chaos legend (China)
16289,Dominated arena Shendao ghost chopped (China)
16278,1000 the world situation - beads heaven and earth changed (China)
16235,Shushan Heroes (China)
16161,Dragon Battle - seal the world (China)
16138,Cultivation refining Demons 3 (China)
16088,Faerie Ireland - swordsman legends (China)
16057,Demons Road - Ghost Story (China)
16054,Datang cavalier pass the Sword Named Revenge (China)
15948,Excalibur legends - Tenchu (China)
15896,Shadowbane Romance - Sheng Sijie (China)
15878,GU Jian misty recorded - to find a Fairy (China)
15851,Punish days - inverse cents repair magic love bonds of (China)
15832,Romantic Swordsman - drunk Red (China)
15708,The Fall of the devil rules the Empire (China)
15701,Tian Long Ba Bu - to kill the God Warriors (China)
15582,Drunken Sword Happy - the world journey (China)
15475,Three Realms Magic mass killing (China)
15448,Drunken Man 2 (China)
15445,Eternal God dependents butterfly piano sound (China)
15395,Legend of what love mortal comprehension (China)
15381,Legend Shadowbane (China)
15326,Tan Chuan - Jian Ling (China)
15262,Three Realms aspect - cents Shinto (China)
15199,Urban Fairy (China)
15164,A missing record Boo Ma Hangxia (China)
15139,Punish God - fighting broke sky (China)
15135,Star sword bite (China)
15112,Cheng Relic (China)
15104,Pass through (China)
15094,Mortal Cultivation (Standard) - chaos Xinghai (China)
15074,Eudemons world - Wizard calls (China)
15046,Zhu Xian Three - Shu Yun (China)
14996,Bullet hero (China)
14961,Permanent seal - Legend of the early chapters blood (China)
14943,Zhu Xian fate robbed of fairy magic (China)
14888,Dark Chronicle - land of confusion (China)
14884,Shinsengumi (Japan)
14880,Westward Strange Stories - Ghost Love punish (China)
14751,Immortality - broken sword heaven and earth (China)
14721,Martial arts (China)
14703,Heaven girl 2 - Angel Kiss (China)
14613,Diablos dark reign (China)
14602,Sword of God to punish tyrants - disdain for one thousand male (China)
14597,JX angel record - Pandoras Box (China)
14520,Sword fell monsters record - Cloud Happening (China)
14484,Masterpiece - recorded the sky (China)
14473,Appendix 2 devil Fate (China)
14291,Proud of God - the supreme romantic (China)
14281,Fantasy Armor - Wicked World (China)
14262,Three troubled times (China)
14151,Legend of the Warring States Period blood (China)
14062,Twin Of Brothers (China)
14027,Swords of vertical and horizontal turbulent sky (China)
13946,Sin against the - the stars robbed (China)
13936,Guards formula : Extreme Fukatsu (China)
13847,Andongwei the battle (China)
13826,Legend of unfulfilled love (China)
13729,Legend of the true awakening of the dragon emperor (China)
13652,Three U.S. Mother Aventure record (China)
13651,Island survival in mind (China)
13649,Dumping the World Vamp - Xian Xia robbery (China)
13644,Black awakening of the flowers will (China)
13636,Star nine variables - overweening (China)
13473,Aojian world - Zuiwo Red (China)
13470,Xianlv Legend of Past and Present (China)
13437,Drunken Man (China)
13407,Shushan find Sin Chuan (China)
13274,Zhan situation recorded - Dragon (China)
13273,LiuGu (China)
13270,Magic World Sin Hup - on the mark (China)
13269,Hip-hop martial arts - Mirror legend (China)
13268,Shadowbane - died in the roots (China)
13263,Zero - Yu World (China)
13251,The ancient legend of the domain - Dragon adventures (China)
13246,They reveal their dreams and passed on Aboriginal (China)
13245,Line Sin Kee - Legend of mussels fine (China)
13238,Rivers and lakes to kill -Beauty calculating (China)
13228,Goddess Shadowbane 2 days (China)
13204,BrightShadow Bot record release day - Peak resolution (China)
13200,Ji war unparalleled - flower blinding (China)
13110,Wise invincible (China)
13086,Warring States seven War (China)
13079,Red inflammation souls of mass (China)
13051,Journey to the West - before the transfer (China)
13041,Bai reincarnation record - Three Realms Romance (China)
13003,Divine Sword Dance Shenzong cloud (China)
12999,The Ultimate Battle of Red Cliff Three Kingdoms 2 (China)
12937,Bleach - Soul Heaven cut / Azrael (China)
12934,Painting walls - shadows ghost (China)
12897,Soldiers re-installed - Gulf War (China)
12750,Lian Chuan mortal sword Cultivation (China)
12688,Isolated situation - JX (China)
12624,JX Romance - Lady Love asked (China)
12622,Cycle of braggadocio (China)
12620,Pocket animal Havoc in Heaven (China)
12526,Legend of legends - misty Zhu Xian (China)
12489,Shadowbane souls recorded (China)
12456,Happy Fairy - Love Cycle (China)
12439,Seven Swords World (China)
12403,Shu Warriors - Hand Long Valley (China)
12401,Cursive Sword of warmth (China)
12397,Amazing little cop (China)
12392,Three blood - Reggie FY (China)
12378,Three of Kong Mingdong Travels (China)
12368,Stone Age 2 Dragon Knight (China)
12352,Concubine - roots smile (China)
12344,Guo Gang laugh Kenshin (China)
12342,Yu Xiao Chuan (China)
12288,Chuan Xiong Wu Sanguo Dragon (China)
12239,FY kill God (China)
12228,Zhu Xian Yuen Bing Shen Diao broken sky (China)
12224,Fighting Broke Heaven - Love Lock Ladders (China)
12201,Journey to the West prequel - Fantasy Kingdom (China)
12180,The other side of the cloud (China)
12172,Closure day of - Departed Angels (China)
12135,Romance in troubled times (China)
12061,Tu Zhu Xian recorded Heaven Magic (China)
11936,Song Lawman pass - Zhuiming leg (China)
11930,Sin War Fairy - Dragon Blade (China)
11918,Ghost Wars - Armageddon (China)
11899,Shushan mad Shadowbane (China)
11889,Color the sky - Qisha device (China)
11871,Romance Mibao fishing husband of beetles (China)
11861,The legendary ice Tarrasque (China)
11835,Spore - evolution (China)
11831,Fairy Magic (China)
11793,Beetles fishing husband - Mibao Romance (China)
11713,Animal mainland - Hunting Legend (China)
11687,Spring Martial Arts basaltic mass (China)
11677,Noah continent - Heavenly Sword back (China)
11635,Warring States twilight - the wind mass (China)
11622,My youth in Yanan (China)
11604,Celestial Love - guardian goddess (China)
11580,East Wind Breaks - Xiaoaojianghu (China)
11576,Palace of dreams Water Margin (China)
11574,Troubled girl (China)
11572,Brave Fable (China)
11570,Xianyuan - Dream Zhu Xian (China)
11562,The courage to pursue four young Hong Flirting (China)
11559,Pet babys war record wizard (China)
11530,East Wind Breaks - freely roam the rivers and lakes (China)
11412,Legendary ghost sword (China)
11404,Omen robbery - True Love Warriors (China)
11394,Cents pet Romance (China)
11261,Guards love child prodigy of the Western Regions (China)
11259,Overlord reborn - Dragon Tears (China)
11245,The Legend of Swordsman (China)
11234,Ghost San Guoce (China)
11202,They reveal the Gods (China)
11188,God Ma Qixia Biography (China)
11111,The Magical Pearl
11089,Recorded in the Heaven Sword Demon (China)
11084,The vertical and horizontal world online games (China)
11063,The fate of old grudge three realms (China)
11044,Dragon knife based entrepreneurship (China)
11042,Kunlun Fairy Gaiden - Fate Posts (China)
11040,Space travelers - seven-Heritage (China)
11014,Jin Yiwei (China)
10961,Heritage and Heroes of the martial arts world hegemony (China)
10800,Dreaming of the Tang Dynasty (China)
10767,Compass Demon recorded - his sword got a clue (China)
10696,Sacred totem (China)
10635,Broken sword the sky - heaven and earth cut anger (China)
10587,Xian Yuan - Fantasy Zhu Xian (China)
10583,Zhu Xian Jian Yuan (China)
10565,Valkyrie - knight line (China)
10499,Millennium Water Margin - reincarnation (China)
10492,Comedy Eight Immortals (China)
10483,Knife wind Jian Yu - Sudden Impact (China)
10477,Otherworldly comprehension - Excalibur Xian Yuan (China)
10427,The Legend of Three Kindoms (China)
10425,Lu sja fey (China)
10415,Rivers and lakes against the Ming emperor dragon (China)
10397,Ice Wolf Biography (China)
10393,Holy church Heroes (China)
10377,Wu Mu testament of Azolla (China)
10366,HaoTian 3 (China)
10358,Jian Shen smile - the Forbidden City battle (China)
10293,Dream Heroes of the Sword, such as rainbow (below) (China)
10282,Small sub-Jing Wu (China)
10274,Swordsman (China)
10258,Ancient Legend Di Renjie (China)
10256,Legend of Immortal (China)
10254,The Lost Bladesman (China)
10239,Every day of the Holy Legend (China)
10231,Legend Seal - Heijian Chapters (China)
10196,Wind Flower Romance (China)
10166,Sea Wind (China)
10158,Cang God tactics - Aojian Dragons (China)
10129,Armor terrorism - beach landing (China)
10095,Pet Kingdom 5 - Rainbow (China)
10078,Fate of the round dance - Revenge (China)
10059,Fate of the Three Kingdoms (China)
10018,New knight Heroes (China)
9984,Star Warpath Wing of Freedom (China)
9964,Dreaming Yangsan (China)
9916,Twins - Legend of Martial Arts (China)
9829,Blood drinking rifles - the roots of chaos (China)
9768,National Treasure 4 lost city of gold (China)
9645,QING - through the articles (China)
9625,Summer Girls manservant of major combat (China)
9575,Journey to the West laugh Kan (China)
9503,New Shaolin Temple - Biography mortal magic cut (China)
9496,Bookbag. Magic Tour Void environment (China)
9481,Hip-hop cool monkey break the Western Paradise (China)
9445,Nine companion of God (China)
9432,Xian Zhi way (China)
9405,Monster Hunter Seal Story (China)
9393,Cultivation human transmission (China)
9386,Ancient Quantianpanchuan (China)
9320,Shaquille line - the Big Dipper break the sky (Jin Yong Genuine) (China)
9296,Regulus sky recorded 2 - magic formula (China)
9284,Love recorded a Sword wander (China)
9277,Comedy Swordsman of rivers and lakes (China)
9109,Legend of the arrogance Lingyun Cultivation (China)
9096,How to Train Your Dragon Stone Age 2 (China)
8973,The Four legs Zhuiming God (China)
8941,Junior Merry Zhou Yu Chuan (China)
8902,Nine world situation - a grudge sky (China)
8892,Sponge Bob Adventure (China)
8874,God Ma YY San Guoce (China)
8866,True Fantasy Three Kingdoms -Red Cliff (China)
8861,Results of Mandarin Royal Spy (China)
8784,Authority and Fairy - to punish evil (China)
8766,Rivers and Lakes Storm - Riders (China)
8763,Xiang Yu Chuan Chu and Han hegemony (China)
8682,How to Train Your Dragon Knight of ancient times (China)
8646,Horse arena of God - the sword laugh (China)
8624,Shaolin Temple - sex is zero (China)
8621,Legend of the martial arts comedy scene (China)
8557,The legend of Zelman
8535,Yuji King Biography
8528,The Eight Immortals
8514,You Are The One 2
8487,Fate Recorded Devil (China)
8485,Days Lan Legend (China)
8484,Biography Of The Dragon Emperor Nanshan Search (China)
8427,Ji BrightShadow Bot War (China)
8271,Three Of The Revival - The Ultimate (China)
8265,Demon Days Gua recorded 2 (China)
8239,2011 Lunar New Year Travel Masterpiece Hand - Shaolin Temple (China)
8235,Dungeon & Mozu Warrior (China)
8229,Wu Lin Chuan of swords arena record (China)
8186,Promise The World (China)
8168,Journey to the West call the world record - against the onslaught of the demon king
8160,Sword Tale - Fate Of The Roots (China)
8132,Journey - the legendary emperor (China)
8076,Three More Light Treasures Of The Most (China)
8046,Dragon Fantasy 3 - Blood and Ice (China)
8038,Prince and the Showgirl - Simon Tai Guanren (China)
7965,Magic Emperor 2 - outsider Xiezun (Korea/China)
7964,Xiangshuai island main peach Legend (China)
7960,Chen Zhen Jing Chuan Soul resorting to violence (China)
7950,Zhou Yu Chuan Young Romantic (China)
7882,Dreaming of the Three Kingdoms 2 Shu Tian Jie (China)
7832,New Meteor Butterfly Sword - The Movie (China)
7801,Fantasy Warring States Period 3 - July War (China)
7692,Search Cents Legend - Break The Sky (China)
7674,Merry Fairy of the rivers and lakes disaster (China)
7673,Chapter Soul Sky Fantasy (China)
7646,Xiao Feng Legend - Legend (China)
7638,Sharp Beggar King (China)
7626,Fantasy Air 2 - Crystal Wings (China)
7574,Pet World War 2 (China)
7495,Magical Legend (China)
7417,Yuen Bao Jian Cang (China)
7391,January Xian Yuan Cang (China)
7315,World War Devour Light Cloud
7310,Brave Heart - Pure Love Angel
7204,Search Cents - Red Edge (China)
7198,The Secret History of the Three Kingdoms 2 - Romance Shuijing (China)
7197,Through the myth - Lost Dream Xian Yuan (China)
6867,Myths - Wu Ling San Beads (China)
6822,Dreams of what love Can Jian three days (China)
6821,Chankuo Heroes
6805,Libertine Ji Xiaolan (China)
6735,Firebird Technology : Denon Q Biography (China)
6683,Girl Heaven - Love Story (China)
6638,Mengyin Three - Remembering Dongpo (China)
6579,Three Dragon Wolf (China)
6558,Recorded in the early Tang Fengyun (China)
6483,Gods of Mass Communication (China)
6426,The Elder Scrolls Legends Of Witchcraft
6403,Chivalrous Ancient Hieroglyphics Marriage (China)
6340,Mo Dao Xia Love - Bloodbath Rivers And Lakes
6315,Orthodox Martial Arts - Heaven Inn (China)
6302,Three Roots Of Fung Mo Sword (China)
6221,Fairy Magic Record - Sword Of God Chuan Xia
6182,Warlords
6176,Pokemon - Blue
6175,Three Kingdoms III Extraordinaire
6123,Little Fairy (China)
6047,Stick : Seven Swords Heroes - Ghost Hegemony (China)
6034,Fantasy Air - Divine Wars (China)
6032,Myth through - the legend of Costa Rica (China)
6021,Shaolin Gaiden - Dragon Sword (China)
6011,Crystal Wings of Fantasy Tiankongzhanji (China)
5920,Love The Soul Of The Three Kingdoms Wu Ji World (China)
5847,Cloud Gods - Wind Man Marie (China)
5839,Di Renjie The Sky Empire (film Genuine) (China)
5830,Devil Legend of Liangshan Hegemony (China)
5815,GU Мian Romancе - Zhu Xian
5771,Soul Memorial Day (China)
5752,Asked Love Fairy (China)
5749,Lian Sword Maker (China)
5739,The Dream Of Love Articles FY (China)
5737,Arams Mind - The Epic Hero (China)
5714,Jian-Ling Rumor - Xianlv Love (China)
5699,Tales of Apocalypse (China)
5696,New Four - Catch Of Small Gods (China)
5692,Xia Edge Of Good And Bad (China)
5689,Seafire Interactive - Tami Tactics (China)
5621,Love Magic Sword - Ghost Zhiyi (China)
5564,Tang Anecdotes (China)
5555,New Dragon Inn - Genuine (Longyou) (China)
5513,Seven Sector Dominated The Six Homes Genuine Legend (China)
5484,Return of Condor Heroes (China)
5461,Bride 2 - Six Cycle (China)
5455,Goddess Transfer Student - Tokimeki Memorial
5454,Bride - Love Shushan Q (China)
5451,Suitangyanyi Prequel
5448,New Legend Of Chu PEACH (China)
5431,Cultivation Refining Demons 2
5430,Dong Han
5425,Regulus BrightShadow Bot Pass Way Of Heaven (China)
5420,Hsuan Tien Outsider Recorded - Xuantian Yijielu (China)
5417,The Legend Of The Condor Heroes (China)
5404,Wheel Of Time - Tawa Long Of The Flame (China)
5396,Sword Dance Arena (China)
5283,The Devil In Block Letters - War Song (China)
5280,Dragon Q Biography - Merry Duan Reputation
5186,Imprint Warcraft - Dragon Blade Robbery (China)
5169,Great Tang Xianxia (China)
5166,City Of Demons - Five Enchantment
5164,Ghost Hegemony - Yan Huang Extreme
5127,Zhu Jian Qin Heart - Continuity Of The Classic
5124,7 Terms Of Legend 2 - Ghost Town
5114,Magic of the Gods - The Fate of Food of Love (China)
4997,Doraemon - Dream Tree Rhapsody (China)
4956,Xian Reduce Magic to Find All Types Off (China)
4955,Three Love Chih - The Soul Forces Of The World
4945,The Adjourned To The Front Ziyun Fairy (China)
4942,Dragon Quest (China)
4938,Tales Of Destiny 2 (China)
4935,Destiny Of A Legend - The Ring Press (China)
4919,The Fate of 9 Days - 1000 Wonders of the World (China)
4881,Ghosting Blade 2 (China)
4848,Swordsman Sunflower Robbery (China)
4805,Search Gods - Phantom Spirit Fox (China)
4803,Adventure - Neverland Edge of Clymps of Lynch (China)
4784,Ghost Of The Demon
4775,Devil Legend Of Liang Shan Hegemony (China)
4759,Sword Of Lake Farce Go Qijue (China)
4757,Dragon Fantasy - Shaking Change (China)
4755,True - BrightShadow Bot Record - Chutian Sword (China)
4744,Y Lin Chuan Romance (China)
4737,Warriors Legends
4726,Legend Of Fighting Arts (China)
4717,Catch Juveniles (China)
4712,Fu Legend (China)
4706,Soul - Day War 2 (China)
4686,Pet Kingdom 2 - Purple (China)
4664,Magic Sword Recorded on Cultivation - Fiery Essence (China)
4601,M - Machine - Alloy Tanks (China)
4591,Return of the King of Heroes (China)
4583,The Millennium 2012 (China)
4580,Gods - A Snake And A Phoenix Feather
4578,Mingjianfengliu (China)
4571,Qiao Feng Dragon (China)
4561,Jorney - a Classic Myth About Love (China)
4539,Xian Zhang Kan Fate of Gods (China)
4533,Westward Journey
4520,Fantasy Rumors Shuihu (China)
4513,Dungeon Hero (Korea/China)
4487,Book Qi Tang - Kunlun Murder (China)
4471,Water Margin Mythology (China)
4440,Power Over The World Another World - Pupil
4437,Sanguo A Fairy Story 2 (China)
4434,Sanguo A Fairy Story (China)
4421,Dungeon And Yellow Turban Warrior
4403,Underground City And The Specter Of The Sword - The Awakening Brave/Fable
4370,Carol Knight Warriors - The Witch (China)
4356,Gods in Mind - the Devil (China)
4354,Love Story
4330,A Mysterious Sword Tour (Ghost) (China)
4328,ShenBing (China)
4310,Masters Called Miracles
4308,Oda Bravery Search for Spock
4306,Deformation Armor King Kong Roar
4281,Gun Overlord Bloody Strife
4275,Sui Ying Jiezhuan (China)
4248,Xianlv 3
4244,Dragon World Taboo Love 2
4197,Monster II - Magic Seal Holy War Romance (China)
4187,Sword Of The Dragon 2 And Sheung Fung
4163,Guardian Legend - Demon Flame (Сhina)
4152,Nine Days Of Wandering 2 - Odyssey
4138,Splendid Game - Plough Illusion (China)
4136,India Closed Day Shock Debut (China)
4135,Fong: Tian Yin
4081,Liao Ming
4070,Ghost Blows
4053,Xuanyuan Painting Millennium Robbery (China)
4051,Royal Spirit Of Tolerance (China)
4027,Magical Fantasista 2 (Japan)
4014,China Dream (China)
4000,Looking for a Star (China)
3989,Ocean Heroes (China)
3988,Lotus Lantern
3969,Three Star Contest (China)
3956,On The 5th Cry
3955,Gundam XX (China)
3896,Saint Sword Legend of Heroes
3891,Kunlun and Fairy 2 (China)
3798,True Story Huanmo 2 - Shadow Tolerance
3795,Tears of the Soul (Japan)
3790,Three FY Lu Bu Biography (China)
3778,Legend Of Ancient 2: Divine Dragon Awaken / Fury Dragonscale
3776,Taierzhizhou
3760,Adventures of the King - Dream World 2 (China)
3753,Fax us Pass
3744,A Kuya
3728,Kill The Queen
3727,Raytheon
3724,Gods Gaiden
3718,Martial Arts and Fairy
3708,Sword Bite World - Life and Death Seampless
3706,Legend Of Zhao Yun
3696,Imperial Sword Final Fantasy Adventure (Japan/Korea)
3688,Broken Sword Hatred
3680,Three of the Wars Crowded
3674,The Eagle Shooting Heroes
3670,Sword of Wu Mu
3665,Heroes 3 - Perfect World
3662,Ghost Kill
3657,Marcenary King Legend
3625,Halos Quang Dao (China)
3617,New Shushanjianxia (China)
3607,War Gods Riding Record (China)
3596,Fascinating Journey
3580,Star Hunter (China)
3564,True Journey To The West - 4 Coming Of The Holy
3554,Sword Situation Recorded (Longyou)
3543,Xuan Yuan World of Mythical Legends
3520,The Secret History of the Three Kingdoms - Red Cliff Romance (China)
3517,Dragon Warrior Soul of Magic World Legend
1943,Legend of Monster Hunter 4 (China)
3501,Magical Nine Circles (China)
3492,The Legend Of The Mountains And The Sea Dragon Teacher Training (China)
535,Monkey King - Story Prequel Ishiba (China)
3460,Magic Dragon Sword (Japan)
3447,A Cloud of Dense Medium (China)
3441,Tian Dejie - Edge of Marine Life
3437,Nabi
3430,The Wheel of Time - The Flame of Tar Valon (China)
3422,Tan Chaos (China)
3418,Six Fragments From a Vein Excalibur (China)
3407,Mary Hutch (China)
3354,Hero Sword (China)
3351,WuLin Chuan of Swords Rivers 2 (China)
3320,The Fate of the Dark Kingdom
3315,Chu Liu Xiang 2009 New
3312,Books of Mountains and Seas a Love Sword (China)
3310,Diablo III: Continuation Of Epic Stories
3306,Three Illusions (China)
3276,Sacred A Legend - Infinite Thoughts (China)
3273,Buttoned Farms and Farm Associations (China)
3254,Miracle Sword
3245,Sword Asked The World A Month Snow Xiaoxiang
3243,Liangzhu (China)
3197,Lin Quan (China)
3185,Rivers And Lakes In The Color Of The Sword (China)
3175,Legend Of Wu Mu (China)
3170,Tenchu - Magic Star Mieshi (China)
3160,Happy Family 2 (China)
3156,Happy Family - A Star Of Martial Arts (China)
3152,Panda Kung Fu (China)
3148,Variable Stars (China)
3141,Adventures Of The King - Dream world (China)
3123,Show Img Servlet (China)
3115,WuLin Chuan of Swords River 3
3073,Seafire Interactive - Hunshi Chivalries Wei Xiaobao (China)
1079,Magic Time (China)
3026,Box Legend - Zhang Window
3022,Game (China)
2987,Adventure RPG (China)
2964,Jorney West (China)
2950,Apocalypse 2012 (China)
2944,Dragon Legend 2 (China)
2941,Fable 3
2938,Warcraft Part Two
2920,Legend of the Hero - Peace Sign (China)
2921,The Storm Warriors X (China)
2916,Resurrection of the Dragon (China)
2902,War Fare (China)
2855,Xuanyuan Fengmo (China)
2850,Three Countries - YUNTENG Troubled Times
2845,Sword of the Millennium (China)
2829,Ryujin Legend (China)
2821,Ragnarok - 6 Sectors Disaster (China)
2810,Wheel Of Fortune - The Beginning Of The Legend (China)
2795,Magic Sword Meteor 2 (China)
2791,Pan Long (China)
2784,Forever Y.S 5 - Legend of King of Mercenaries
2780,Sword Magic
2756,Huanmo 2
2746,Dragon Fantasy - Revelation
2741,Swordsman - New Biography (China)
2738,Sword - Line Worldwide (China)
2706,Comedy Three Kingdoms - Huang Count of Days
2693,Jiang Hu Wai Zhuan - New Canon of Saints
2690,Devil Extreme - Seal
2670,Fashion 24H (Korea/China)
2532,Ghost Gothic - The Bible Is A Strange Tale (China)
2120,Magic Water World Margin (China)
2433,Temple of the Dragon Knight - Ragnarok (China)
2604,Juxian - Ao Jiang Hu (China)
2597,Pocket Animal Kingdoms (China)
2585,Wudang Seven Knights
2568,Magic World 3 - Reincarnation
2565,Demon Senki - Black Unicorn
2543,Magic Formula Jian Lin legend (China)
2535,Water Margin - Heroes (China)
2526,Goddess Days Shadowbane (China)
2522,Dragonball Legend (China)
2518,Great Dragon - Water Margin (China)
2516,Xiu Xian Yao Liang Juan (China)
2492,Crazy Love War Romance Lakes (China)
2493,The Junior The Master (China)
558,Huanmo (China)
2456,Legend Of Elf (China)
2451,Gorgeous Best In The World - 2018s Crisis Terrorism (China)
2330,The Myth Of The Hole Zong Mi (China)
2427,World of Legend - Chapters Hama (China)
2399,Sword Hongyan (China)
2389,Shushan New Conqueror (China)
2386,Real Ninja Gaiden (China)
2382,Omen Qin - Deadful Magic (China)
2370,Legend Of Heaven And Earth (China)
2359,Autumn Series Swordsman (China)
2345,Pet King - Legend Of The Dragon Spirit (China)
2285,Worldwide Epidemic - A Leopards Head Lin (China)
2306,Tomb Sensation 2 - Barbed Ling (China)
2321,Fairy Magic Romance Biography - Tears Kahn Sign (China)
2317,Full Metal Warriors (China)
2297,World Of Warcraft Frozen Throne (China)
2289,Super Magician
2287,Tiandi Jie - Extreme Ghost Biography
2279,Paladin (China)
2282,Hero 3 (China)
2276,Xuanyuan They Show In The Sky Wrath (China)
2272,Broken Sword Love Xia (China)
2263,Azolla 4 - The Beauty Queen (China)
2259,Monkey - A Tale of Kim Kap Fabric Wai Juan (China)
2252,Azolla 3 - Tunderness (China)
2245,Azolla 2 - Cavalry Sirens (Сhina)
2238,Azolla - Love The Sword Of The World (Сhina)
2232,Blade of Glory - Blood Ares (China)
2220,Monkey 3 - Ursae Over Buddha (China)
2207,Gods 2 (China)
2208,Gods (China)
2193,Monkey 2 - Golden Monkey Xiang Yao (China)
2179,Monkey - From Yizhuqingtian (China)
2182,Assassins Warriors - Red Lotus (China)
2160,Chuan Jiang Hu Ssangyong (China)
2154,The Magic Legend Of The Fate (China)
2134,Tian Long Ba Bu (China)
2116,Search Of God - The Type Of Account (China)
2112,Nabi Tactic - One After The Second World War (China)
2107,Phantasy Star (China)
2099,Sword Burial States Will (Korea/China)
2097,Qin Titans - Dreams Of The Qin Dynasty (China)
2095,DIY EDITION Blood Ares (China)
2093,Three Kingdoms 5 (China)
2087,God Of War Comes Again (China)
2081,Dark Underground City (China)
2075,Heaven Sword And Dragon Sabre (China)
2057,Huang Yong Kwon In Wonderland - Red Moon War (China)
2044,Love The Unicorn Xianlv Robbery (China)
2034,Gods Massive Battles (China)
2028,King Beggars (China)
2009,Ghost Trace Fans (China)
2015,Qiao Feng Legend (China)
2002,Some Allies And Enemies Sword (China)
1998,Robots (China)
1994,New Indiana Jones ( China )
1988,The Legend of Lu Xiaofeng (China)
1986,Warcraft - Demon Hunter (China)
1984,Destroyed (China)
1977,Heavenly Sword Magic Fairy Biography (China)
1974,Red Rock (China)
1970,Love and Fight School
1967,Fukatsu Biography
1939,Legend of Monster Hunter 3 (China)
1934,Legend Of Monster Hunter 2 (China)
1927,Legend Of Monster Hunter (China)
1920,Sui and Tang Heroes (China)
1916,Growing and Fairy (China)
1876,Legend Of Ancient (China)
1894,Zhuge Kong Ming Chuan Three Blood (China)
1889,Fantasy Warring (China)
1871,The Grand Master (China)
1868,Rainbow Castle 3 (China)
1851,Girl Arms (Japan)
1825,Shining Wind RPG Landlords (China)
1834,Flame Three Kingdoms Closely (China)
1814,Tang Demon - West Region Storm Riders (China)
1790,Dreamland - The Illusion Of Travel (China)
1782,Fate Of The Dragon (China)
1778,Star Dragon Sword (China)
1775,Sword Edge - Divine Comedy (China)
1770,Atrium (China)
1750,Storm Warriors 2 (China)
205,Merciless Gaiden sword (China)
1623,Fantasy Lakes (China)
1732,Rainbow Castle 2 (China)
1720,Rainbow Castle (China)
1698,Castlevania Rpg (China)
1646,Aura Art (China)
1601,Forever Hero (Korea/China)
1666,Angel Of Love 2 - The Fate Of The Movement (China)
1657,Angel Of Love (China)
1633,Three Gods Biography (China)
1610,Marine Day (China)
1605,Dragon Of Three Kingdoms (China)
1596,Journey To The West - The Miracles (China)
1584,WoW: Рыцарь Смерти
1481,Apocalypse (China)
1574,Knight Server 2 (Korea/China)
1566,Fulong and Fairy - Legend (China)
1539,Magic Power - Love War (China)
1546,Zhang Xian - Gods Fairies (China)
1530,Legend Of The Industry - I Wish The Emperor (China)
1469,Feng Qingyang Biography - A Magical Power (China)
1496,Palm Shun Technology - Yujian Sin Hup (China)
1476,Iron Ма Jinge - Mulan (China)
1467,Legendary War Machine Transfer Xinghai (China)
1465,ChiBi (China)
1460,Chu And Han Warriors (China)
1449,Seal Sword II (Korea/China)
1442,Final Fantasy (Korea/China)
1434,The Eight Creatures 2 (China)
1425,Battle Of The First Return To The Glory Of Sparta (China)
1394,Gods (China)
1354,The Legend Of Sango (China)
1342,M2 Fighter (China)
1386,Remake - Zia Zhu Xian (China)
1381,Heroes Of Might Fantasy Rainbow Sky (China)
1378,Demon Road 3 (China)
1371,Hao Tian 2
1356,Cut Senroku - Tianshaguxing (China)
1344,Sword (China)
1340,Wei Xiaobao Legend (China)
1321,Justice Knight (China)
1335,Knight
1330,Legend About The Drunk Red Serpent (China)
1323,Black Knight (Korea/China)
1312,Demon Kapo (China)
1292,Kyoka Romance (China)
1283,Lotus Lamp (China)
1280,Neighborhood Demons Pack Tactics - Artifact (China)
1274,Fantasies Of War 2 - God Domain (China)
1271,Sword Ling Wang - Stone Soul Legend (China)
1265,Mafia - A Better Future (China)
1263,Three Magic Explosion - Bloody Red Rock (China)
1255,Heavy Armor Soldier Installed Growl (China)
1235,Dark Warrior - Demon (China)
1222,Wonderland Romance - Long Xiao 9 Dais (China)
1217,Anti - Japanese heroes (China)
1208,Soul - New Life (China)
1202,Light Legend (China)
1198,Dragon Three Kingdoms 4 - Warriors Of The Devil (China)
1178,The Devil And The Angel Of Tears Sword (Korea/China)
1170,Huayi Tang - Red East Revival (China)
1162,Journey To The West - Fengyun (China)
1157,Journey To The West - Love Story (China)
1153,Journey To The West 3 - Unprecedented Roots Demon (China)
1146,Ding Qin Empire Dominated World
1142,Goonies Bo - Kapo (China)
1135,Blood Sword 3 (China)
1132,Blood Sword 2 (China)
1129,Blood Sword (China)
1114,General Order (China)
1108,Kim West (China)
1086,Chuan Sword (China)
1051,Witches Conditions (Korea/China)
1040,Sky Demon Robbed - Xianlv Ecstasy (China)
1030,Castlevania 2 (The Vampire: The Devils Lock) (China)
1014,World Of Warcraft: Wrath Of The Lich King (China)
1001,Adventurer (Korea/China)
997,Castlevania - Demon 3 (China)
986,Jiang Hu (China)
973,Journey To The West - Monkey King (China)
970,Monkey - Love Zijins (China)
952,Wulin Coming (China)
950,The Magical World of Three - Ryugin Red Cliff (China)
812,Magic Of The Gods 2 Assassin Grief (China)
919,Chapter Pirates Fort - Pierre And Magic (Japan)
914,Chapter Pirates Fort - Pierre And Sword (Japan)
887,Seven RyonGyon Sword (China)
875,The WarSong of Fighter (China)
844,Shan Hai Jing (China)
842,Xian Xia (China)
804,Puppet Division - Running Out Of Time (China)
798,Saint Seiya 2 - The Ultimate Shrine (China)
782,Purgatory Divine Comedy (Diablo) (China)
770,Seven Circles Catastrophe - Guard Tactics (China)
764,War Is The Reincarnation Of Ji (China)
759,Heng Yue - Fox Feelings People Dream Of Shame Unfinished (China)
747,Shaolin Temple II (China)
730,Shaolin Temple (China)
712,Legend Of Ancient Tactics 3 (China)
707,Legend Of Ancient Tactics 2 (China)
702,Legend Of Ancient Tactics (China)
684,Shaolin Temple III (China)
679,The Eradication Of Evil 2 (China)
675,Tian Juesha First Sword (China)
666,Dragon Warrior (China)
660,China Warrior 5 (China)
653,China Warrior 4 (China)
649,Armor Hero (China)
645,Nine Days - The Misty Sky Dragon (China)
643,Bank Robbery Reincarnation (China)
629,Magical Trip To The West Bank-Comedy Story 2 (China)
623,Magical Trip To The West Bank -  Comedy Story (China)
614,Shu - Xian Swordsman Legend (China)
550,Condor Heroes 2 (China)
601,Dark Princess (China)
597,The Deer - The Cauldron (China)
593,Pink Lady (China)
560,Elegy Mirror Romance (China)
552,China Warrior 3 (China)
545,China Warrior 2 (China)
539,Ghost Robbery 2 - Mad Worlds Tyrants (China)
525,Nanjing Carol White Snake (China)
487,Enveloped Demons Expansion Pack - God of War II (China)
510,Xuan Yuan (China)
494,Three Years Juxian Roar Of A Demon (China)
480,Heroes Of Warcraft DOTA (China)
476,Hero 2 (China)
473,Suitangyanyi (China)
242,Martial Arts (China)
465,Pet Kingdom 4 - Platinum (China)
457,Killer Demons (China)
453,Island (China)
445,Mountains And Rivers Surging Flurry (China)
438,Storm Warriors (China)
428,The Prince Is Back (China)
426,Angel (China)
420,Heat Seal (China)
413,Hefei (China)
411,Maya (China)
406,Evil Fountain 3 (China)
368,Paladin - Xian Yi (China)
382,Heaven And Earth Ink Biography (China)
376,Heaven Gaiden (China)
373,Paladin - Elusive (China)
362,Asian Libraries (China)
351,God Mind (China)
323,Nezha
319,God Emperor - Genma Biography/Salvation (China)
313,Sword Heritage 2 (China)
306,Sword Heritage (China)
304,Red Dust (China)
297,Pocket Journey Past Life In The Region (China)
291,Myth Of Peace (China)
285,Ancient Myth - Murder Xuan Yuan (China)
281,Myth Mysteries (China)
278,Deep Light (China)
269,Warhammer (China)
260,Monster 3 (China)
258,Big Three Talk Opera Diao Chan Lu Bu (China)
256,Legend of Sword (China)
253,Space-Discovery Hukashi Akira (China)
233,Guilty (China)
228,Best Pirates Of The Island - The Chapter Of Magic (China)
223,Drifting illusion Meimei Islands (China)
177,Dragon World - Taboo Love (China)
209,Xiao Lin Chuan - married Stepford Wives (China)
200,War Devil Ji - Witch Romance (China)
186,The Eradication Of Evil (China)
178,Music Unlimited - Da Jianshi (China)
171,Dead Bleach (China)
165,Lost Empire (Korea/China)
155,Story Extreme Miemo Biography (China)
148,Dragon Heart - The Road Warrior (China)
100,Kunlun and Fairy (China)
93,Three god of war (China)
62,Saint Seiya - Grief Torment (China)
28,Merciless Sword (China)
18,Age of Heroes (China)
