18600,Billiards legend (China)
18241,Happy Restaurant 2012 (China)
18039,Billiards girl (China)
17875,Fantasy modeling community (China)
17586,Crazy Bowling - Champion of the people (China)
17523,Supermarket tycoon MM dream supermarket (China)
17342,Restaurant Tycoon (China)
16987,Rolling Stones music 3 - nostalgic classic (China)
16610,Beauty Billiards - Fancy Championship (China)
16310,Time cherry book - lost the heart of (Korea/China)
15921,Happy Farm (China)
15557,Doggy Pome 2 (China)
15541,Panda Baby - home life (China)
15255,My Dolly 2 (China)
15231,Open Cake Store (China)
15122,Farm situation (China)
14872,Beauty of the colorful juice bar (China)
14624,Sushi of people (Korea/China)
14538,Nude marriage age - men and women sweetheart (Korea/China)
14362,Aromatic legend - My Girl (Korea/China)
14309,Romantic Hospital 2 (Korea/China)
14300,Romantic Hospital (Korea/China)
13837,Magic Land - ideal life (China)
13786,You to the edge (China)
13395,Talk love to see (China)
13100,Rock musicians (China)
12411,Colorful fruit juice beauty Private Kitchens (China)
11845,Sweet Kitchen (China)
11547,And the flight attendants together - money and genuine love (Korea/China)
11316,Swimming fish (China)
11198,Red Mango (Korea/China)
11186,Love pet (Korea/China)
10783,I call the shots my pet (Genuine) (Korea/China)
9972,Boreas (China)
9883,Spoof of the restaurant (Joke Dining Room) (China)
9708,SNK Swimming (China)
9248,Fishing Frenzy 2011 (China)
8977,Happy Harvest Moon 2011 (China)
8883,Stars DreamWorks (China)
8729,Meng Magic Farm (China)
7936,LovexLove - Love School (China)
7759,Happy Happy manor vegetables (China)
7634,Fashion 48 hours - Love in Paris (China)
7468,Dance Blossoming Flowers (China)
6775,Sweet Cake (China)
6431,Destiny - To Love You 99 (China)
6404,Memories Of First Love - The Heartbeat Resist (China)
6098,3D Courtship Major Combat Graduation Papers (China)
5934,Love Color Fantasy - Witch Love Song (China)
5857,Cool Ranch Pet Show (China)
5551,Tangshan Earthquake (film Genuine) (China)
5251,Big Spender Story Adventures
5214,Simulated Supermarket - Crazy CEO (China)
5120,Mini Gochi
4972,Detective X Of Fierce Draft Fan (China)
4597,Fine Dancing Baby - The Hot Side (China)
4535,Fantasy of a Rich Farm Garden (China)
4430,Crazy Feeding Frenzy (China)
4419,Hiromi Dog (China)
4368,School Love Game
4365,KITTY
4265,Dog House 2 (China)
3998,The Apprentice Mobile
3978,Open Rich 2 (China)
3975,Open Rich (China)
3542,Fishing 2009 (China)
3452,Nyan Space (Japan)
3449,The Number Of Households Could Not Be Happier (Japan)
3325,Alps Farm (Korea/China)
3286,New Harvest Moon (China)
2824,Happy Aquarium
2637,Rock The Planet - Mother Cat Ears (China)
2559,New Harvest Moon 2 (China)
2169,Happy Diary Farms (China)
2130,SIM PARK (China)
2053,Prince Charming (China)
1956,Fun of the Shanghai World Expo 2010 (China)
1687,Night Market (China)
1300,Ranch Tycoon 2010 (China)
1423,Pet Dog - TOLO (China)
1405,Cake House (China)
1298,Live in Maid (China)
1233,Love Memory (China)
1231,Cyborg Lover (China)
1225,Golf
1215,Happy Ranch (China)
993,X-Man - Star (Korea/China)
968,Simulation Of Life - Carbon Emissions To People (China)
882,Farms (China)
640,Happy Garden (China)
532,Star Farm (China)
359,Happy Farm (China)
