18768,Happy Farm Battle HD (China)
18712,Lord of War (China)
18596,Guard radish (China)
18266,Three of the world of the flames of Kyushu (China)
18197,To save the lost souls who (China)
18142,Q Water Margin tower defense unparalleled HD (China)
18023,Demon hegemony TD (China)
17801,Meng war (China)
17686,Street tycoon - tower defense version (China)
17582,The ancient zhanji - prehistoric tribes (China)
17456,Tank (TD) (China)
17209,Epic tower defense - the ultimate line of defense (China)
17207,The soul of 5 Total Annihilation (China)
17125,The flames of the Three Kingdoms 2 - supremacy (China)
16694,Tank situation (China)
16120,Hip hop the three countries of the Central Plains (China)
16096,Sunshine Love Ranch (China)
15996,Pleasant war Wolf (China)
15960,Dark legend - the night of the war (China)
15407,Crazy Bouncing Church (China)
15322,Liangshan great masters (China)
15257,War Hero (Tower Defence) (China)
15086,Star Wars soul ZERO (China)
15062,Three Kingdoms Tower Defense (full version) (China)
14628,Three gang fights enhanced transmission tower defense (China)
14464,Three heroes to kill - gang fights transfer (China)
14427,Three Tower Defense - Biography of Cao Cao (China)
14405,Three killed iron wall (China)
13871,World War II submarine 2012 (China)
13753,Through the domain of God - the war hero (China)
13720,Magic Pen Magic Tower Zombies (China)
13709,The flames of Divine - Jagged tower defense (China)
13570,Three heroes Biography 2 (China)
13568,Three dragon lying - Zhuge pass (China)
13566,Journey to the West of the blast wave Chuyao War (China)
13296,Shura War (China)
13138,Small eight devils zombie war (China)
13105,Monopoly of the King of Red House Real Estate (China)
13007,King Arthur 2 (China)
12618,Red state (China)
12418,Island Defender (China)
12349,Battle Libya (China)
12199,Shenglong Summoner (China)
12120,Mech Hunter (China)
12007,Small soft painful flat bad son (China)
11820,Royalty (China)
11769,True Three Kingdoms - Ming Chuan (China)
11724,Plant low-carbon version of the war who refuse (China)
11694,Rise of the Empire (China)
11596,Three war - Qianjun break (China)
11549,Story II - westerly genuine mad poetry song (Korea/China)
11467,Story - westerly genuine mad poetry song (Korea/China)
11208,Rabbit Wars zombie robot (China)
11156,Crazy invasion - the ultimate guard (China)
11141,Three thousand armed war broke (China)
11035,Three prestige Liu Bei Chuan (China)
10863,Devil blockade (China)
10855,Battle City Zombie (China)
10853,Zombies (2011 enhanced version) (China)
10850,Zombies - Zombies come (China)
10213,Arthur dynasty, the rise of the Empire (China)
10103,Fantasy Sky Wars - the early chapters (China)
10043,Sword (China)
9968,Magic robbery rest of my life - First Blood (China)
9955,Defensive turret war (China)
9945,Fruit mummies War (China)
9912,Nabi War 2 (China)
9909,Nabi War (China)
9737,War on Pleasant tower defense (China)
9597,HaoTian
9367,Egypt Sensation (China)
9286,Happy Farm Zombies - Phoenix Edition (China)
9239,Meng will be Three (China)
7996,Mech Warriors - Return of the King (China)
7355,Chees 3D Flying Toys
7188,FireWire version of the task Comedy (China)
7186,The Story of the World War Three Reggie (China)
6298,Seven Warring States - The World Tyrants Ding
6187,World Of Warcraft Battle Of The Turret (China)
6186,World Of Warcraft Battle Of The Enhanced Version Turret (China)
6173,Day Heroes - Guild Wars Chapter (China)
6172,Glory and Mission (China)
6051,Three Blood (China)
5992,StarCraft 2 - Zerg Invasion (China)
5375,Soul 2 - Total War (China)
5374,Soul - Tower Defense Edition (China)
5338,Imperial Kingdoms - The Of New Category Of Biography Of The Emperor (China)
5337,Imperial Kingdom - Kangxi Biography (China)
5234,Age of Monkeyman (China)
5217,Farmer War Vampire (China)
5200,Water Margin - The Kingdom (China)
4828,Warring States Hegemony (China)
4681,Dragon Sanguo (China)
4667,Dragon Knights - Shadow King (China)
4608,Machine Frenzy Battle (China)
4595,Sim Park (China)
4531,Tower Defense - Guardians (China)
4233,Samkukji 3 - Война Династий (China)
4227,Samkukji 2 - Война Династий (China)
4225,Samkukji - Война Династий (China)
4144,War Machines (China)
4017,Celestial (China)
3885,Hundreds and Millions of Tycoon - Hard Road
3863,Han Dynasty (China)
3530,Three Chronicles (Japan)
3515,Knight Saver (Korea/China)
3439,Knight Saver 2 (China/Korea)
3339,Xiayuan
3135,Bacteria Panorama (China)
3053,World of Warcraft - Magic (China)
2996,Dota Attack (China)
2909,Age Of Three Kingdoms (China)
2703,Cavalry! Action! Evil Warcraft Blood
2448,Royal Knight 3 (China)
2444,Royal Knight 2 (China)
2436,Royal Knight (China)
2419,Star Wars (China)
2308,Pilgrimage (China)
2132,StarCraft 2 (China)
2055,Red Cliff (China)
2064,Burning Soul Islands 3 (China)
1617,World Of Warcraft Tower Defense TD (China)
1523,I am No1 (China)
904,Super Invincible Plants Wars Zombie (China)
719,Happy Farm Biggest Battle (China)
591,Three Heroes Biography (China)
401,Plans Zombie PC (China)
9,Genie
