18423,The God of sleepwalking Dungeons (China)
17432,Happy digging - the ultimate smart version (China)
17421,Landlords - Twelve Women (China)
16147,New star Landlords 2012 (China)
15485,Monopoly Landlords (China)
15234,Aromatic Landlords (China)
14889,Super-rich battle (China)
14867,Chess - beauty Landlords (China)
14059,Poker Solitaire Deluxe Super Quad (China)
13628,Pharaohs Curse - playing cards Password (China)
13334,Variety Poker - Special Edition (China)
12441,Landlords nightclub (China)
12416,Landlords beauty boutique 2011 (China)
11897,Invincible large PK (China)
11737,Xian Xia Love - Landlords (China)
11731,Water Margin Landlords (China)
11681,Chess Room Triple Happy MM (China)
11668,Jinzhiyuye bucket (China)
9643,Landlords happy white-collar (China)
8885,Stunning Landlords (China)
8313,Liu Bei Chuan Three Landlords (China)
8193,Three Killed
7983,Three sparrows Hero Tan (China)
6639,Experience The Pain Life Egg - Happy April Landlords Satsuki (China)
6414,Star Tractor 2011
5636,Landlords Happy Rush Edition 2011 (China)
3534,The World Pocker Big Two (China)
895,Golden Flower Playing Card Fraud (China)
196,The World Poker Showhand Master (China)
