18620,Highway hurricane - the roar of the engine 3D (China)
17692,Magic Karting (China)
17676,The ultimate zombie car (China)
17152,Racing situation - Classic (China)
16999,Crazy fruit Kart (China)
16820,Urban Speed - Fast Hurricane (China)
16647,Dakar Classic Rally 2012 (China)
16383,Fantasy Three Kingdoms Kart (China)
15560,Initial D-destiny showdown (China)
15536,Feng Chi - speed boat (China)
15526,Star flywheel (China)
15425,Speed Heaven - Fugitive 3D (China)
15356,My Racing Career (China)
14701,Open Race Xmas (China)
14681,Death Challenge (China)
14561,Doraemon A dream - 3D kart (China)
14096,Kart 2011 3D (China)
14043,Three Super Karting 2012 (China)
14023,Crazy Kart beauty (China)
13913,Car agent (China)
13148,Zero Road Race (crazy speed version) (China)
13025,Battle kart (Deluxe Edition) (China)
13024,Speed drag racing 5 (BMW version) (China)
13021,God of War speed - the speed and Hurricane (China)
12842,Initial D-flurry (China)
12375,Racing world Gold Edition (Ð¡hina)
11662,Super Hot Wheels - Racing Edition (China)
11646,Mini Racing (China)
11396,Speed and conquer
11378,Black pig Kart (China)
10888,Stone Age Karting (Genuine) (China)
10833,Fast drag racing 2011 - Classic (China)
10826,Kart Rider 2012 (China)
10687,Crazy Liangshan heroes (China)
9745,Pleasant Kart (China)
9662,Ultimate Paradise - PK Call 3D
9653,Highway Drift Legend - Initial D (China)
9566,GT Hurricane 2 (China)
9562,Violence drag racing 3 (China)
9304,Phoenix Kart - Hurricane Fury Deluxe Edition (China)
9237,Gumball 3000 (China)
9039,Thunderbolt Tank (China)
9009,Invincible Ugly Kart - Genuine (China)
8718,Ultimate Matrix kill 2 3D (China)
8672,Amazing Race Kart live PK (China)
8666,Need for Speed of drift racing (China)
8662,Biao Biao Kart (China)
8658,Bao Kart (China)
8655,3D rapid drift street Hurricane (China)
8580,Speed Destroyer (China)
8319,Invincible Kart 2009 (China)
8182,Street Hurricane - Modified Version (China)
8073,Crazy Kart - Speed Conversion (China)
7104,SpongeBob Kart (China)
6801,Crazy Jeep Speed Chase (Midnight Club - Los Angeles) (China)
6465,Hurricane Violence (China)
6096,FY Expo - Shanghai Rally 2
5930,Run Boat Race Motorcycles (China)
5817,Initial D - Blair (China)
5683,Kart Rider (China)
5674,Legend Of Speed - Burnout
5363,Live Racing - Ghost Track (China)
5361,Kart Rider 4 (China)
5292,Super Mario Kart 3D (China)
5195,Drift City Speed (China)
5194,Speed Death II - Hurricane Violence (China)
4656,Kart Rider 3 (China)
4161,2X Crazy Drift
4067,Racing Kart 2 (Korea/China)
4064,Racing Kart (Korea/China)
3587,Best Drift Kart 3D (China)
3182,Fast Speed (China)
1950,Crazy Monster Truck 3D (China)
1898,Three Crazy Kart 2010 (China)
1766,Speed Kart 3D 2 (China)
1672,MM Kart 3D (China)
976,FY Expo - Shanghai Rally (China)
872,Kart Race 2009 (China)
366,Gran Turismo Mobile 3D (China)
329,Road Rider Of Underground Street Racing 3D (China)
