17829,The magical - live basketball (film Genuine) (China)
17797,3 on 3 basket Wang hegemony - the king of the king (China)
17718,Popular NBA All-Star hegemony (China)
15011,Hot Football 2011 (China)
14699,Vitality of tennis (China)
14679,Table tennis club girl (China)
14542,Basketball expert - Super Jam (China)
13878,Sexy Tennis 3D (China)
12993,Kung Fu Soccer World Cup sweep (China)
12554,Soccer Boy - fuel Jita Si (China)
12546,Q-Comedy Three Games (China)
12486,Zhou star effort Billiards (China)
12152,Passion 2012 Summer Games (China)
12144,Tennis Baby vibrant (China)
11602,Basketball Tribe Chinese version (China)
11158,SSX - World Challenge (China)
9997,Live Football - Champions League (China)
9857,Eurasian Cycling Challenge - Extreme Edition (China)
9789,Kung Fu Dunk - Jay Chou Film Genuine (China)
9786,Live Sports 2008 (China)
9689,The Masters snooker club Need (China)
9231,Crazy Squash (China)
8908,Tennis manager - Global Open (China)
8315,Hawaii Beach Volleyball (China)
7901,PES 2011 (China)
7357,Dynamic Tennis 2010 - Hot Games Edition
7316,Crazy Ping-Pong
7175,Tennis Grand Prix 2010 (China)
7111,Madden Football (China)
6692,Guangzhou Asian Games - Die Another Day (China)
5951,Live Asian Games - Champion Hegemony (Official Authorization)
4981,Snooker Masters (China)
4898,Live Baseball MEGA Version (China)
4730,Fighting Basketball (China)
4648,Tennis Master PK (China)
4645,Sim Hot Ball (Korea/China)
4599,Billiards 2008 (China)
4515,3D LFP Football 2009 (China)
4493,Tennis Hot Girls 2009 (China)
4317,World Soccer 2008
4016,Hot Ping-Pong (China)
3923,Shu Xian Xia Billiards (China)
3920,Beach Volley Girl (Japan)
3391,South Africa World Cup 2010 - Penalty Shootout
2991,Baseball 3 (China)
2786,3D LFP Football 2010
2732,Zombie - Night of the Living Dead (China)
2140,Ultimate Challenge 2
2109,Blood Kunitari - Claim Title (China)
2013,Extreme Skating 3D (China)
1946,Beach Volleyball 3D (China)
1562,Championship - To Dominate The World (China)
1352,HL Baseball (China)
344,Street Football 3D (China)
334,Warcraft Street Basketball (China)
38,Street Basketball 3D (China)
