18763,Three Kingdoms Five Tigers will challenge (China)
18753,Plants VS Zombies lianliankan (China)
18751,Nike women - yoga (China)
18742,Gossip Journey (China)
18731,Magic House (China)
18626,The zombie town seeking fit (China)
18546,Armed with demon castle (China)
18504,Sanmao wandering mind (China)
18457,Regulus Fei Xia gem Secrets of the Past (China)
18361,Little crocodile love showers (China)
18072,The super beauty backgammon Battle (China)
17902,Tropical fruits Two of a Kind (China)
17890,Farm vegetables Diminshing (China)
17867,100 flee the Chamber of Secrets (China)
17832,Bubble War (China)
17793,The Shinu Yis Islands of  Adventure (China)
17727,Seven rapist array consumer to see (China)
17720,Wonderful magic stone explosive burst to see (China)
17647,The Audition MM Two of a Kind (China)
17641,Crazy alchemy (China)
17476,Blue elves pushing the ball (China)
17274,Russian ice box - Deluxe Edition (China)
17201,Sumeru swordfight - really fell monsters unparalleled (China)
17181,Gem password Fanfan Kan (China)
17180,Blasting birds - (perfect port) (China)
17112,Box great diversion - the key to the mystery of (China)
17075,Pointing the Three Kingdoms (China)
17026,The summer of life - insects (China)
16958,Pig pairs of a Kind (China)
16922,Element core Diminshing (China)
16822,The Kawaii Wonderland Adventure (China)
16814,Shift of parking spaces (China)
16757,Flowers fairy Lianliankan (China)
16752,Fantasy that Russia layers stacked (China)
16697,Slime breeding field (China)
16696,Chinese food (China)
16648,Cake room dating (China)
16627,Magic Hex Big Wheel (China)
16501,National Treasure cuisine (China)
16466,Magic to eliminate II Ninja return (China)
16443,Trail of the Panda (China)
16387,Zombie romance (China)
16268,Dream girl island Lianliankan (China)
16201,Cars logo Lianliankan (China)
16173,Dream to play box (China)
16111,Tray people (China)
16060,Voyage of the mystery (China)
16032,Farmers fruits Big Wheel (China)
15906,Beautiful concentration camp ranch (Korea/China)
15731,Pet Lianliankan - Essentials (China)
15684,Brainstorming - Sudoku Combat (China)
15521,Campus beautiful combat skills (China)
15417,King meal (China)
15393,Fruit and Vegetable Wars (China)
15305,Brainstorming - Sudoku challenge (China)
15301,Magic Box Story - Deluxe Edition W (China)
15299,My current sword - kill fruit Cross (China)
15281,New Pet Lianliankan 2012 (China)
15215,Crazy Monkey (China)
15184,Crazy Football (China)
15057,Mechanical dungeon (China)
15003,Kids Adventure Baiyun City (China)
14954,Revenge of tailless wolf (China)
14887,Ultimate Food of people (China)
14841,Oil Tycoon (China)
14838,Super Soccer Lianliankan (China)
14807,Dynamic finding fault 5 - catching color of people (Korea/China)
14791,Small headed West Point (China)
14672,I am a green small guard (China)
14656,Poseidon Tour (China)
14626,Roaring pill (China)
14555,Dynamic finding fault 4 - beauty style (Korea/China)
14546,Fruit Adventure (China)
14534,Magic and stones (China)
14494,Dynamic finding fault 3 -visual Hurricane (Korea/China)
14413,Need gem of a Kind (China)
14334,Dynamic finding fault - the visual revolution (Korea/China)
14182,Diminshing alpaca party music (China)
13850,Gem disputes (China)
13849,Myth Fantasy - Colorful Cultivation in mind (China)
13640,Chinese cuisine (China)
13613,Crystal patron saint - Tactics (China)
13611,Three-dimensional cube (Rubiks) (China)
13608,Paladin of the war Lingzhu (China)
13585,Happy finding fault 2 (China)
13580,Classic Two of a Kind (China)
13543,Candy Bubble (China)
13541,Very intellectual challenge 2011 (China)
13537,Color box bumper touch (China)
13535,Beautiful chess triple (China)
13361,I was super little gardener (China)
13359,Plant large farm operations (China)
13357,LORI Hospital (China)
13324,A one-stop Lianliankan (China)
13322,Dawn of the line of fire (China)
13194,Russian passion (China)
13022,Pocket money - I am a millionaire (China)
13017,Beautiful puzzles 3 (China)
13013,Sudoku Daren (China)
13009,Variety expression of a Kind (China)
12973,O, O, Lianliankan (China)
12971,Wolong three cracks at the legendary (China)
12834,Lattice trap (China)
12812,Fruit of a Kind (China)
12780,Cool Summer Lianliankan (China)
12736,Crazy Box (China)
12569,Myth (China)
12567,Sweet Season (China)
12535,Big Battle (China)
12498,Monster in doors (China)
12496,Fashion icon (China)
12495,Two of a Kind of Animal Story (China)
12494,Courtship Wars - stunning beauty (China)
12493,Happy Farm pet of a Kind (China)
12492,Fruit Ninja III (China)
12452,Magic Babe 2 (China)
12383,Cat Ming Lianliankan (China)
12279,City challenge the devils territory (China)
12222,Calculation Wang (Japan)
11957,Red Years Lianliankan (China)
11946,Farm Solitaire - fought the bad neighborhoods (China)
11881,Classic Happy Lianliankan (China)
11848,Match state party fun (China)
11589,Seesaw blocks (China)
11511,Meng Niu Revenge (China)
11504,Beach Girl (China)
11499,Farm Adventure (Lianliankan Edition) (China)
11489,Submarine Lianliankan (China)
11414,Campus Wind backgammon - memories Edition (China)
11362,Sunshine Box (China)
11341,Kung Fu wonderful cook (China)
11325,Drops (China)
11255,Logic box (China)
11253,Happy finding fault (China)
11224,Pet Lianliankan (China)
11038,90 Girls Ranch (Two of a Kind) (China)
10791,Peak showdown - Crazy Chuanchuan Shao (China)
10375,We come to finding fault 2 (Genuine) - Crazy Pets (Korea/China)
10224,Gem Storm - Sensation World (China)
10193,Mystical light (China)
10189,Gold zodiac (China)
10153,Finishing flight attendants private property Lianliankan (China)
10151,Non-playing can not be series - Masters photo (China)
10148,Crazy Russian - Lovely Baby (China)
10142,Dream World Cup (China)
10139,Lianliankan (Classic) (China)
10136,Sensation Bubble (China)
10046,Biochemical path - the souls of extinction (China)
9953,Fantasy magic box (China)
9927,Classic gem of a Kind (China)
9840,Super crush Lianliankan 2011 (China)
9623,Impact beauty (China)
9581,Crazy farm (China)
9225,Mini Diminshing see cartoon (China)
9178,Passion memory card (China)
9174,Actress lasing Bubble Bobble (China)
9168,Love Heart (China)
9165,Lovely Pets (UTS Genuine) (China)
9142,I will let you roll - 33 square knot (China)
9089,Thin 3D Tetris (China)
9080,Magic Ranch (China)
9055,Biography of Xiang Yao FY Mahjong Journey (China)
8815,Beautiful puzzle (China)
8727,Happy Lianliankan (China)
8615,Limit balance ball (China)
8608,Constellation Hesuiban Tetris (China)
8599,Shock cool Lianliankan (China)
8590,Gem Sensation - speak Korean Cars (Korea/China)
8584,Rush Lianliankan (China)
8566,Crazy girl Pearl (China)
8543,33 Square Knot
8470,Baby Love Egg Big Transposition (China)
8322,3D Carnival - Invincible Big Chong Guan (China)
8318,We come to finding fault (Genuine) - Bubble Crisis (Korea/China)
8316,Gourd Brothers - Xiang Yao Demon (China)
8026,Gourd Brothers - Jiang Yao Demon (China)
8013,Lianliankan - Mayan Prophecy Movie (China)
7861,Peerless hero Notes (China)
7769,Farm Story - The Scarecrow Crazy (China)
7747,Happy Garden Two of a Kind (China)
7530,Best new version of Tetris - 3 per (China)
7521,Gem Sensation - Deluxe Four in One (China)
7484,SpongeBob SquarePants Games (China)
7476,Miluegg
7434,Pleasant Lianliankan (China)
7427,Save the zombie version of Eva (China)
7067,Star Wars (China)
6830,Behin Wonderland
6476,Jewel Deluxe 2 (China)
6386,Shenzhilingyu - Wizard Legend (China)
6314,Girl Lianliankan (China)
6277,Dream World Expo - Gold Six Museum (China)
6263,Right Touch Of Gods Enchantress (China)
6251,Finding Fault Best Wins (China)
6212,Snowman Brothers
6208,Tokimeki Memorial ball box Genuine (China)
6206,Escape Rats (China)
6205,Fruit Factory (China)
5980,Escape the Mysterious Island (China)
5917,Lianliankan 2011 - Happy Collection 4in1 (China)
5503,Global Treasure Hunt
5501,Brain Of People
5336,Super Dad Genius Baby Milk (China)
5335,Crystal Love - Love Seven Steps (China)
5235,Brainstorming - Crazy Sudoku (China)
5126,Diamond Maze - Lighting Girls Storm
5125,Extreme Gobang
5117,Neil Secrets Of The Past (China)
5096,Happy Russia(colorful edition) (China)
5095,Magic Pass (China)
5041,Totem God 2 (China)
4999,Stone Age 2 PC Version of The Mobile (China)
4635,Fairy Kingdom Riddle (Korea/China)
4632,Agassi Diamond House (Korea/China)
4402,Dragon Knight 3 (China)
4240,Three Ultimate Box Hegemony (China)
4061,Cat vs Dog (China)
3822,AIDS (China)
3821,Colorful Sudoku (China)
3816,Wisdom of Love Puzzle (China)
3812,Jin Yue bumper Hall (China)
3811,Competitive In The World - Looking Through The Music (China)
3809,Lapaoxinniang (China)
3803,Brave Beauty Of The Great Rescue (China)
3644,Brave Knights - Infinite Tower Of Doom Weapon (Korea/China)
3598,Magic Bubble Main Battle (China)
3372,Sheng Paradise - Every Day (China)
3049,Adventure Monkey
3030,Crazy Fireworks (China)
2959,FIFA World Cup 2010 (China)
2936,eSobi Million (China)
2888,Sudoku (China)
2833,Demarc Star
2644,Fun Snake 2010
2633,Classic Brick 100 - Off The Coast Of Norway (China)
2620,Liquidation! Rhythm! Classic, mad
2404,Ghost Nights
2402,Golden Eggs 6+1
2342,The Tomb Of The Pyramid (China)
2291,Elements War (China)
2200,Season Box
2128,Legend of Ancient - Block (China)
1979,Warcraft - Counter Attack (China)
1603,NEXON
1689,Tian Xian Que Niang (China)
1644,Cat Baby - 7 In 1 (Korea/China)
1552,Totem God (China)
1237,Tower Smashers (China)
1006,Exorcism Devils Q Chuan
1003,High - Heeled Knock To See (China)
989,Zenzai Boy Happy Valley (China)
978,Beach Rescue (China)
964,Hai - Bao Collection (China)
962,Expo Special Edition (China)
945,Kung Fu Hustle! Panda Maze
939,Gem Sensation Crystal Box
935,Wisdom Zuma
929,Russian Field of Beauty
609,Line Rider (China)
563,Crazy Fireworks 2010 Deluxe Edition (China)
435,Cube Baby (Korea/China)
184,Crystal 3D
67,The Wizard of Oz - the land of sеcrеts (China)
