16311,Zheng Yuanjie fairy 309 darkroom (China)
15618,Chamber of Secrets 2 can not be docked (China)
15194,Pirates of the dream mystery track (China)
12579,Davinci Code (Movie Game) (China)
7657,Detective moment of black youth (China)
5510,Haunted House Phantom of the Opera (China)
4766,Holmes of the Last Judgement (China)
4555,Sudden Attack Enemy Soldier Agents (China)
4510,Death Chamber - Escape (China)
3773,Eight Fate - The Horror Before (China)
3443,House of Mystery - Plot File (China)
2814,Detective Memoirs - Bloody Christmas (China)
2394,Ghost
1457,Detective JS (China)
1229,Resident Evil Symphony Nights (China)
341,Kill Holmes (China)
246,Sh. Holmes (China)
25,Doraemon Daxiong Dinosaur (China)
