19071,Dungeon Heroes II DNF Diablo Articles
19012,Gentian Fab Five will be the Loyal (China)
19002,Castlevania: Shrine Edge (China)
18964,Aromatic Andy Pass (China)
18942,Genital Have the Star Recorded (China)
18929,Fighting Broke Sky 2 - Double Emperor Battle (China)
18922,Eschatological Situation - Rivers and Lakes Hegemony (China)
18915,Heaven and Earth 2 - Battle of Red Cliff (China)
18901,Dragon Fighters of Grand Theft Auto (China)
18811,Dungeon Hero - Dark Alliance (China)
18806,Metal Gear Solid - counterterrorism hero (China)
18796,Biochemical Siege - Zombie Outbreak (China)
18789,Crown Princess League (China)
18776,Hero League - Dark Summoner (China)
18697,Sword Love (China)
18686,Reggie Three - Riboud Warriors (China)
18677,Mortal Kombat 3 (HOT) (China)
18670,Guards - armor Warriors (China)
18610,2012 - Doom legend (China)
18530,Lei Zhenzi Warriors (China)
18529,Warcraft Trial of the war (China)
18517,Autobots! Deform (China)
18506,Teenage Mutant Ninja Turtles (arcade version) (China)
18468,Black Man vs Aliens (China)
18467,Animal legends 3 - Redemption mainland (China)
18466,The Samsung Gongzhao consort town of evil (China)
18465,Ghost hand Demon recorded (China)
18448,Regulus punish evil recorded - Cultivation (China)
18435,Initial fantasy - Lost Angel (Korea/China)
18421,Blood Yokohama Chinatown (China)
18396,Wulin different smell - Lady startling (China)
18387,The doomsday Empire - Dragoon returned (Khan Wars) (China)
18372,Broken sky 2 - Dual Emperor war (China)
18354,Diablo Advent - Wrath of God of War (China)
18334,The Guardian Blade II light-Angel (Korea/China)
18333,Wu moving heaven and earth - to punish Emperor (China)
18315,Ink War - Ares legend (China)
18306,Maken aspect (China)
18284,Diablo 3 - Dungeon Witch (China)
18273,The King of Fighters champion 2012 (China)
18239,Flying fighting spirit (China)
18238,Wu Chuan, the flames of the Three Kingdoms (China)
18213,Coquelicot of bloom cents domain (China)
18212,Magic Ares Water Margin Q Biography (China)
18211,Xian Xia Chuan - through the magic city (China)
18207,The glory of legends (China)
18205,Came into the world the firmament was recorded - Dragon Tiger Shaolin (China)
18191,Devil May Cry (China)
18184,2012 the doomsday Rhapsody (China)
18166,Dark Alliance (China)
18153,The fell monsters Sword 2 - reincarnation robbery (China)
18074,The Soul Calibur War - roots Extreme (China)
18070,Dominated the three Invincible Reggie (China)
18049,Green scarf Xia (China)
18044,War Front resist war (China)
17941,Exquisite Beauty Andy pass (China)
17935,The Bot Yasha Pluto prequel (China)
17914,Gods War 6 Chronicles: Heavenly Sword of Divine and the 3 Legends
17908,The Imperial spy gas and Shen (China)
17837,Westward heaven (China)
17812,The guardian Blade - mieshi shadow (Korea/China)
17799,FY metamorphosis (China)
17795,True Flurry Three - Jiangshan beauty (Korea/ China)
17791,Pawns of the Three Kingdoms (China)
17778,Seal Apocalypse (China)
17764,Two circles pass - Ghost odd Tan (China)
17757,Crossing the horizon catastrophe (China)
17750,Jihad - swallowed demons (China)
17743,Yi Xia Ji (China)
17694,Holy Land edge (China)
17688,Train Your Dragon (China)
17601,Cantera of the Star (China)
17600,Purcell Kingdom legend (China)
17599,Flood legend of the nine days Niming (China)
17576,Heavenly Sword - cut Long tactic (China)
17570,Dominated the three-heaven goddess (China)
17563,Journey Chronicles - dominated the seven community (China)
17517,Water Margin magic star altar - Wu (China)
17489,Creation of Shadowbane - Sin inverse (China)
17442,War soul pass under siege (China)
17434,Armor turtle and - Revenge of the razor (China)
17426,Blood on the streets - the blood to kill revenge (China)
17389,Deformation of Armor (China)
17387,Fairy solve the case of embroidery Thief (China)
17383,Dijia Altman war monster (China)
17371,To seal the demon in five community if ghost (China)
17369,Queen of the Night (China)
17357,Star Legend - Fate (China)
17351,Three Kingdoms Wars (China)
17344,Magic Happening (China)
17330,Assassin of the six countries with India (China)
17320,Assassin 2 separated (China)
17307,Neverland the trip (China)
17281,Magic World Three Kingdoms Lu Bu Chuan (China)
17208,Catch Fox Cry (China)
17171,The magic of the creed - the maid of conspiracy (China)
17132,Sword of the Spirit - the swords Hunmeng (China)
17131,Ninja legend - the final mission (China)
17130,The magic of the creed 3 - the maid of conspiracy (Korea/China)
17109,Gui good and bad of Jianxiu the Warring States Period (China)
17101,Sin God Biography - heaven chaos (China)
17062,Tai Chi Evil Situation (China)
17037,Pirate King 2 (China)
17021,Demon Hunter 3 - Thousand Souls Feast (China)
16943,Warriors Story - Journey to the West, the interpretation of Eph recorded (China)
16929,Alan Dart (China)
16913,Dark prequel - Angels Revenge (China)
16901,Animal and cut Shadowbane (China)
16874,Xian Xia recorded in the magic circles (China)
16844,Rainbow Nation (China)
16843,Journey to the West God of War 2 - Xiang Yao slayer (China)
16835,Dark God of War - League of Legends (China)
16799,Gongsun sword of seven show Square (China)
16698,Demon sword razor Qiannv Haunt (China)
16689,League of Legends (Korea/China)
16683,Zero fantasies (China)
16665,Three Kingdoms Qunhao of Lu Bu (China)
16626,Broken sky - the Scarlet Knights (China)
16625,City of the World of Warcraft - Hunter legend (China)
16619,Dominated Shaolin - bloody rivers and lakes (China)
16602,Doom hemophagocytic Shadow Assassins (China)
16568,Supernatural - The Destroyer Blade (China)
16553,Dragonlance the Phantom of the Opera rebirth (China)
16529,Revenge of the fire - rivers and lakes FY (China)
16526,Hyun dance unparalleled cut (China)
16523,Red Dragon seal (China)
16518,The Cultivation recorded Royal demon Extreme (China)
16492,Hunting magic legend of the ashes (China)
16470,The of Hunshimowang of Sui and Tang Q transfer (China)
16457,Charlie cavalier (China)
16391,Aojian the swordsman situation (China)
16389,Magic soul fell monsters recorded (China)
16385,Armor Three Kingdoms (China)
16381,The clouds of the wildfire glass (China)
16347,Hammer of God of War 2 extinction (China)
16287,Zombie Crisis 2 - Wings of Freedom (China)
16273,Reggie hero (China)
16258,Yang Jian unparalleled (China)
16253,Havoc in Heaven - Film giant system (China)
16234,The Regulus legendary - mieshi Food of Love (China)
16213,Dragon Blade - Legend of the Twilight (China)
16162,Blood heroes - rescue operations (China)
16153,Magical Love
16106,Proud arms Taken (China)
16098,True. Flurry three countries - the demons in troubled times (China)
16004,Night Phantom of the Opera (China)
15992,Through the Hunshimowang (China)
15973,God punish the sword - Death tactic (China)
15970,Qi Tan (China)
15965,Guise the Three bloody hero (China)
15923,Electric eye beauty (China)
15911,The Big Dipper break the sky (China)
15888,Sky by a dream (China)
15860,Xuejian rivers and lakes (China)
15755,Legend (China)
15741,Dungeon Hero - Dark Dynasty (China)
15733,Love (movie Genuine) (China)
15732,Ice dancing Seduction song (China)
15729,City of fantasy gods battle zombies (China)
15713,New Ghost Story - Xia Hu Mei situation (China)
15654,Sin disciplinary (China)
15645,Three Tu Magic - unparalleled battle discipline (China)
15625,Havoc in Heaven (China)
15623,City of God (China)
15605,The crystalline Legend blood pirates (China)
15601,The magic of Creed 2 - Absolute conquer (Korea/China)
15546,True Three - resorting to violence universe (China)
15531,Nightmare on Elm Street Girl (China)
15514,Missy transfer millions of bold warriors (China)
15500,The King of Fighters Die Hard 3 (China)
15465,Tang Heroes 2 - Li Pa (China)
15453,Three of the tiger - Tiger troubled times (China)
15452,Journey to the West fell monsters pass - Sanzo new believers
15440,Trinity Tron - Hell Song (China)
15422,Awakening Soul Calibur underground city (China)
15403,Panda Man (China)
15338,Mercenary world pass - Return of the King (China)
15328,New Dragon - deadly Kuanglong (China)
15324,Blood Wulong Yuan (China)
15320,Hoot surprised III - Zhong Xiao articles (China)
15308,Dungeon Adventure King Rebel (China)
15276,Three Fuzion (China)
15271,Dark areas of the death awakening (China)
15267,Three magic Dragon (China)
15149,Three - general situation (China)
15126,God of War - Trojan Warriors (China)
15120,Magic Baby - brave adventure (China)
15115,Light Legend - Dark Age of Camelot (China)
15060,Romance of The Magic Lotus Lantern Wonderland (China)
15055,Underworld Muhammad III - Die Hard (China)
15040,Fist of burst (China)
15014,Sin against the - Zhu Xian killing God (China)
15009,Three fierce battle of Red Cliff II aspect (China)
14987,Boxing 2011 (Championship) (China)
14985,Three Warriors of chaos dominated (China)
14975,Invasion of Warcraft 2012 (final version) (China)
14969,Ultimate blood Mars (China)
14934,Heaven swallowed the stars change (China)
14886,The incarnations of Superman SWAT (Korea/China)
14883,Magics Creed - Madness of the Betrayer (Korea/China)
14828,Warcraft The Frozen Throne contract (China)
14826,Zhonghun Legend
14816,Jagged loyalty (True force) (China)
14763,Dark magic cut record (China)
14749,Fate gallant beauty of Jiangshan (China)
14747,Devils door - Spiral Blade (China)
14736,Genesis - swallowing stars (China)
14697,Biochemical Siege of attacking zombies (China)
14687,Dark forces (China)
14674,Empire Civilization (China)
14669,Four elements of the flame wars (China)
14573,Cycle of robbery - Pa knife world (China)
14514,Shun Yeung real - bad one (China)
14503,Seething Soul - Dark Legend (China)
14449,Magic legend of the fairy realms (China)
14256,Regulus Millennium robbery (China)
14244,Gods war record 2 - death mystery (China)
14205,Terrorism special forces operations 3 (China)
14203,Three Heroes - the rise of Shu (China)
14201,Magic Blade Storm (China)
14199,Xuerenmowu (China)
14170,PK invincible war Warcraft (China)
14157,Hip-hop street fighting (China)
14155,Seven circles Romance - nine fox (China)
14153,Wu Gunshimolu (China)
14147,Soul Eater (China)
14125,Crisis Core 2 - zero action (China)
14060,Magic Sword of Tenchi Muyo (China)
14056,Rebels Warriors (China)
14038,Human resource configurations - Legend of the Condor Heroes (China)
14007,Legend of the God of the world weep (China)
13968,Revolution (film Genuine) (China)
13963,Chuan Chi Kung Dragon tigers (China)
13957,Zhen Wu Warring States III-exclusive world (China)
13952,Star (film Genuine) (China)
13941,Beat Journey (China)
13931,Hunting and boxing - street hegemony (China)
13925,Underworld special forces (KO professional tournament) (China)
13853,Fire Knight - Light (China)
13817,Space-time sky Apocalypse - swallowed (China)
13806,Fugitive of an order (China)
13769,Springs game of pass (China)
13756,True Dragon Wings (China)
13747,Dragon Fist (China)
13736,Road to dawn evil deeds (China)
13726,Dominated three of the legendary Canning (China)
13655,Xuan Tian Jian Qi chopped recorded magic (China)
13653,Zombie crisis - the outbreak of the city (China)
13627,Vice City (China)
13615,Westward subdue pass - Demon God (China)
13600,Sin City - the shadow of death (Korea/China)
13597,Killing Gods - the Beginning of Chapter(China)
13595,Gods War - Charm (China)
13548,Virtual online games (China)
13517,Well Ghost Sword (China)
13474,Riboud pass - spirits unparalleled (China)
13471,Journey God of War - the 72 (China)
13468,Three blood (KO Challenge race) (China)
13467,Ransom note (China)
13466,Marfa mainland (China)
13465,Sword of Silence (Korea/China)
13456,Graffiti Adventure (China)
13433,Dragon Sword prequel quiet (China)
13423,Ghost War Kyushu (China)
13387,Shugo Chara Dream of Love (China)
13375,Double Dragon II (China)
13363,Rebels legend - turned out to (China)
13298,Subdue demons fighting over the Buddha kill recorded (China)
13294,Dynasty Warriors Wei Chuan (China)
13219,Three Fantasy X (China)
13206,True Journey to the West - Monkey King Chuan 2 (China)
13198,Forever Adventure Island - Classic (China)
13111,Super Ninja vengeance (China)
13087,Zhan street (China)
13072,Hip-hop hero Wild Search (China)
13062,Street fighting 2011 (China)
13034,Devil May Cry 5 - killing articles
13032,Outlaws of the Marsh of Priscilla - Queen of the world
13005,Ninja Sword II (China)
12965,Legendary martial arts hero swordsman (China)
12940,Ninja Gaiden Legend of the Demon recovery (China)
12935,Legend of Bruce Lee 3 (China)
12838,The legendary Yellow Emperor (China)
12814,Death ray (China)
12779,Shadow Sword (China)
12778,Gods (Korea/China)
12774,Misty XT - Star Sword (China)
12765,The specter of war - to punish Qin (China)
12754,True Samurai Warriors II (China)
12710,Dungeons and Magic Swordsmen (China)
12656,Xianyuan recorded punish magic (China)
12621,Fire Will - Legend of Dragon tolerance (China)
12619,Dungeon - werewolf the rise (China)
12617,Knights Creed - Soul Judgement (China)
12595,Warriors of King Xiang Yu I (China)
12593,CS anti-terrorism team Thunder (China)
12583,Knife and cut the roots of fate (China)
12558,Pearl Xuanyuan (China)
12533,Han Heroes (China)
12524,Three hegemony - the hero from Changshan (China)
12482,Three Heroes - Dynasty Warriors (China)
12475,Dragon World 3 - God of War, Revolution (China)
12468,3D Unparalleled Zhao (China)
12466,Ultimate Dynasty Warriors Wars (China)
12463,Legend of Wu dual beacon in troubled times (China)
12449,Wild Wild West (China)
12447,Burning dragons Day Senki (China)
12365,Laughing Wilds beautiful clouds (China)
12296,Angel Wings - Wrath of the Gods (China)
12248,Demon Castle and St. Swordsman (China)
12213,Knife Warrior (China)
12203,Lady Knight arena situation (China)
12189,Human resource configurations of Emei Woman (China)
12156,Wu Sheng-yi - Guan Yu Kuang (China)
12124,Dead soul soldier (China)
12114,Song of the dark soul (Korea/China)
12107,Love - love sky (China)
12096,Murder Soul - outsider magic (China)
12072,Xuan Yuan Sword (China)
12063,Butcher battle - killing brother (China)
12052,Legend of legends - Gods (China)
12036,Kiss of the Dragon - Sentimental Girl (China)
12024,Crazy rabbit (China)
12015,Japan Earthquake (China)
12005,Hunting magic master - invincible hero (China)
11997,Aojian Blade - Latitude nine days (China)
11991,Alloy violence - adventure (China)
11975,Ruthless king sword (China)
11965,Liangshan wilderness - Wu brothers (China)
11928,Kings of Warcraft - Legend of Doom (China)
11922,Magician and the Ghost Swordsman awakening 2 (China)
11916,Priscilla Queen of the Water Margin (China)
11901,Datang Double Magick Pass (China)
11893,Royal Secret History (China)
11864,Li Ying Angel Ace Star crisis (China)
11859,Dark Blood (China)
11854,Bloody battle behind enemy lines blocking the small Japan (China)
11842,True Gods cavalier transmission (China)
11839,Fighting King of Kings 2011 (China)
11837,Dragon of the chapter (China)
11822,Doomsday catastrophe - undead (China)
11807,Magic way (China)
11797,Legendary mercenary (China)
11795,Exotic Dragon (China)
11787,Pirates Legend of the road to death (China)
11773,Meng girls ultimate weapon (China)
11771,Street Fighter - Fury Edition (China)
11767,Ghost Legends 2 - Fallens comfort (China)
11741,Defied Demon Sword martial arts (China)
11722,Fairy Sword - wights disaster (China)
11720,Age of Empires - Call of Duty (China)
11708,Gods Reggie - drying of the roots of Yao Ji (China)
11674,Magic Three bite (China)
11670,Biography cents domain Genie (China)
11666,God of War - Devil Rose den (China)
11664,Dungeon & Dragon Knight (China)
11637,Warring States Chi 3 - Bai Hudi country (China)
11610,Ong Bak kung fu - king of the world 2 (China)
11598,Magic a Jianping rivers and lakes (China)
11593,Journey to the West 6 - Heavenly joy of moving (China)
11586,Star Wars Calendar - Hannibal legend (China)
11583,Heart fate (China)
11578,Dark summit of the world - Sheng Knight (China)
11566,Aojian Heroes - Blood Shadow Blade (China)
11564,Mango Warcraft Adventure Island (China)
11557,Shiny and innocent men and women - first met in mind (Korea/China)
11555,Twelve demon altar 2 - Wu Ji genuine article (Korea/China)
11553,Twelve demon Forum -genuine female forbearance articles (Korea/China)
11551,Emperor Xuan Qi (Korea/China)
11538,DiRenJie - swordsman Kenshin (China)
11481,Naked witch - not nearly stranger (China)
11479,I am a devil - genuine awakening (Korea/China)
11469,Creation of the bloody gods binary (China)
11454,Hitman - Killer 007 (China)
11444,Saga - bloody island (China)
11435,SPL of the Empress and the Warriors (China)
11433,Crysis - Blood Warriors
11431,Qing Shi Fengyun - Xia Jian asked Love (China)
11421,Air Pirates of God Church (China)
11392,DNF - Blade Knight (China)
11380,Three of the fantasy drama Diao (China)
11350,Dark age - the rise of the Empire (China)
11334,Pirates Treasure Royal blue (China)
11332,Anime hero - dark save (China)
11319,Three of the flames of a prairie fire (Korea/China)
11295,Magic legend - to conquer the domain of God (China)
11291,Devil May Cry - Devil right V (China)
11285,Sword asked the intelligence record - Lady carnal (China)
11272,Legend Romance - Qiannian Zhilian (China)
11251,Gone with the Wind Spirit - the inheritors of the flame (China)
11247,Lying east (China)
11243,The Heart of Destiny (China)
11200,Star Warriors - Space invasion (China)
11189,Kunlun Millennium sensation (China)
11178,Cang soul record - Ghost Heaven (China)
11173,Sin Chuan domain Genie - Shushan (China)
11154,Maken of drunk Happy (China)
11151,Devil Sky (Korea/China)
11149,Dragonia (Korea/China)
11139,Armor Warriors 2 - Xing Tian (Armor Hero 2) (China)
11128,Warriors of Empires 4 (Сhina)
11122,Warriors of Empires 3 (China)
11120,Warriors of Empires 2 (China)
11109,Blood on the streets (China)
11093,Castlevania - Demon 4 (China)
11091,Kung Fu Panda 2 (China)
11087,Werewolf growl (China)
11082,Shadowbane fighter! War on Temple (China)
11080,Perfect fit space-time lore II (China)
11023,Violence and destruction of God (PK Battle) (China)
10992,Warriors of the fire armor reborn (China)
10971,Fu Shan Hai recorded demon (China)
10942,Juggernaut Legends - Mito Flow (China)
10890,Gods Legend - Tears of Medusa (China)
10886,Three Wars (China)
10875,Underground City and the Golden Warrior (Fighting Edition) (China)
10868,Space Pirates - Devil Fruit (China)
10848,Crown Princess - Dragon and Golden City (China)
10762,Water Margin Warriors 3 (China)
10715,Need Dragonlance Knights (Blood and kill) (China)
10713,Tulong Dao Xie Xun of the Beast (China)
10694,Ares contract - dispute Yu Shi (China)
10692,Three Lu Bu - Diao Chan drama (China)
10689,Rivers and lakes line - space confusion (China)
10673,Street Fighter (China)
10663,Kunlun six cycle (China)
10627,Burn days Senki - Death of King Ling of return (China)
10619,Zhu Xian Demon recorded (China)
10606,How to Make the bad guys (authorized Genuine) (China)
10559,Fairy Magic robbery of killing law (China)
10550,Thunder Action (China)
10548,Wizard Tomahawk.Tu Magic (China)
10544,Soul of the Ultimate Nation (Wonder of the World) (China)
10542,Clouds of war - bloody country (China)
10540,Disgaea (China)
10534,Flirting Scholar 2 (China)
10501,Brave Way - release bird princess (To Be Hero) (China)
10496,The dark legend of The bloody road Assassin 2 (China)
10494,Cang Wrath of God - Xianhu Romance (China)
10490,Eschatological battle stiff person on campus (China)
10488,Robbery of the Night Warriors World of Warcraft (China)
10486,The King of Fighters 2 (China)
10475,Hunting Spectral Force (China)
10452,Aftermath (China)
10447,Princess Moonlight Kiss (China)
10442,Mowu Shisi Pad (China)
10423,Mulan Chuan (China)
10413,Journey to the West Comedy Battle of the pig house (China)
10386,Journey to the West endure melee (China)
10382,Hunting: Shadow of Light (China)
10379,Search Gods of Vice City (China)
10368,The Legend of Wind (Korea/China)
10363,Light punishment (China)
10340,King Kong hoist baby - all-powerful (China)
10333,Deities - Lian recorded demon BrightShadow Bot (China)
10317,Dungeons & Dragons Warriors (China)
10266,Chen Zhen Chuan French battle (China)
10246,Joining the Army - the desert dust (China)
10121,Resident Evil Dead came out (Zombie 2) (China)
10086,Happy drunk Dionysus (China)
10067,Water Margin Story (China)
10036,Final Fantasy - violent God of War (China)
10028,Twin Of Brothers (China)
10000,Fairy of the Three Kingdoms Zhao Chuan (China)
9974,Revenge recorded (China)
9970,SPL - Dragon Tiger Flurry (China)
9961,Soldiers Assault (China)
9902,How to Train Your Dragon Knight of ancient times (China)
9891,Anime Warriors (China)
9821,The Secret History of the Legend of the Spring and Autumn Tiance (China)
9813,Crime Angels 2 (China)
9805,Legend of Heroes devil Juggernaut (China)
9797,Juggernaut awakening Shenmodazhan (China)
9726,Dragonslayer Raiders of the mind (China)
9718,Wolverine - Bloody City (China)
9710,End of the World Space Love Sword (China)
9673,Treasure Hunter (China)
9670,Language of the sword blade BrightShadow Bot Road Song (China)
9634,God punish war (China)
9608,Junior Bao Zheng (China)
9606,Divine Comedy different fantasy (China)
9600,Ultra-blood god (China)
9579,New Three - God of War Riboud (China)
9577,Us pass (China)
9547,Devils tower of war (China)
9540,Legend of sword and magic of the area (China)
9529,Genuine Spider-Man - Redemption City (China)
9520,Naruto ninja dream legend (China)
9470,My own swordsman (China)
9459,Master Q of small water Tiger Legend (film Genuine) (China)
9360,Magic Water Margin - Yan Qing Chuan (China)
9350,Blood Magic Three Heroes (China)
9345,Dark: Dragon Knights rise (China)
9334,Three gallant (China)
9328,War on Food (China)
9318,Big Soldier (China)
9288,Height of three - Shu hegemony (China)
9266,Wrath of the Dragon - Holy Knight (China)
9258,Call of Duty god (China)
9202,Battle! Dragon Tiger Gate (Korea/China)
9200,Devil May Cry - rosewood treasure box (China)
9186,Celestial Legend (China)
9159,Suicide note killer Zhan Longren (China)
9157,Three chaotic mass Diao Chan (China)
9135,Phantom Ninja - FLAME fragrance (China)
9129,The gates of hell demon hegemony (China)
9117,Luka and the dragon (China)
9111,Devil Demon Angel (China)
9038,Gods Huanmo recorded (China)
9021,Pirates of the dream of Romance (China)
9015,Shaolin Temple - Wu Zu Xiao Tyrant (China)
9001,New Shaolin - Jackie Chan Genuine (China)
8986,Mo City legend - Biography vampire werewolf (China)
8962,Cultivation - GU Jian Heroes (China)
8954,Lost Wealth (China)
8948,Fairy Magic record - Sword of God Chuan Xia (China)
8934,Star Wars Calendar - Demons legend (China)
8917,Gods Da Ji Zhu Xian (China)
8910,Final Emblem (Korea/China)
8863,Flurry dominated three of the Bourne (China)
8859,Royal Tramp 2 Dragon Education (China)
8857,I passed the line of martial arts situation hegemony knight (China)
8852,Bruce Lee-s back (China)
8835,Ji war gods rumor - Crime and Punishment (China)
8830,Chuan Wu Niang 2 Three (China)
8828,Man arrested! Man arrested! (China)
8822,God of War hero record (New Tang Chuan) (China)
8803,Heroes of the chaotic level Japanese hegemony (Korea/China)
8791,Super arrogant devil (China)
8772,Jihad Legend (China)
8755,Another World Sword recorded (China)
8747,Steel Warrior (China)
8703,World of Warcraft Adventure Island Mango (China)
8695,Seven Artifact 2 - Pharaoh Scepter (China)
8639,Japanese Ping Xia Lu Heroes save the world (Korea/China)
8631,Three gallant Biography - Rosy (China)
8549,Fantasy Forest
8533,Three of the Valiant Blood Zhao
8522,Jian-Ling Rumor
8516,Hero to Save the United States and Great Adventure
8486,Through the Fairy (China)
8483,Drug Sinica (China)
8461,Three StarCraft 2 - Chibi 3D (China)
8452,Heavenly Sword World 2 - God the blood of Warcraft (China)
8434,Migrants the universe -the Lords plan 2 (China)
8411,The Lone Hero Sword (China)
8391,Pirates of the dream of three -star unprecedented (China)
8277,Lost Odessy (China)
8263,Dominated The Legendary Three - Gan Ning (China)
8245,Demonic Pact - The Hand of Death (China)
8243,Ink Style - Jiujian Xian Li Bai (China)
8241,Classical Gorgeous Action - San Niang Ice Yan Jian (China)
8237,Action games - Typical Offerings of God (China)
8177,Romance of dust Li Jing (China)
8148,Crows (China)
8123,Three of the Warriors really Senki 2 (China)
8114,Dragon Roar (China)
8104,Super Teenage Mutant Ninja Turtles 4 (China)
8095,Soul Blade (China)
8086,Beautiful Lady Yu Chuan (3D Version) (China)
8057,Sword Misty Perfect Record (PVP Edition) (China)
8000,Cultivation Paladin (China)
7963,Entertainment rogue male blood (Korea/China)
7962,Dark Ghost Empire (China)
7953,Princess Knights (China)
7939,Visit
7925,King Bow Antiaris Lesch (China)
7918,Dream Dragon War Relics (China)
7880,Orphan of the Zhao - Chen Kaige Film Giant System (China)
7875,World of Warcraft Burning Empire 2 (China)
7864,Iga Ninja Biography - Ying Ren (China)
7834,Son Of The Devil (China)
7830,Dungeon & Fighter - Night Falls (China)
7826,Dark Edge Of Attack (China)
7819,Fighting King of Kings (limit) (China)
7816,Alloy War (China)
7813,Way Back (China)
7722,Blade Demon Prodigy (China)
7710,Devil Hunter - Haemophilus Contract (China)
7703,New Dragon Battle Bright Summit (Genuine) (China)
7619,Bruce Lee Legend II - I am a Chinese (China)
7610,Rivers and lakes of blood drinking - Shen Dao Xia Lu (China)
7602,Mars Expedition Anger Burst (China)
7551,Comedy Journey 2 You Are the One (China)
7545,Devil Castle of Death Pact (China)
7536,Chuan martial arts of the gallant Comedy (China)
7493,JX Figure Kunlun (Korea/China)
7450,Magic World Three Kingdoms - Red Cliff Fierce Battle (China)
7409,Sun and Moon Legend - God bow broken sky (China)
7393,Huashan Mountain Cloud Crazy Martial Arts (China)
7379,Dragon World 3 - Dragon Sword (China)
7369,FY Lien Chuan
7364,Hun Shi Journey - Demons Naruto (China)
7353,Legendary Ninja
7351,Five Tigers Will - The Hero From Changshan
7349,Ninja Gaiden - Vanquishing
7254,Angel-G9 Boutique Crime
7217,The Secret History of the dominance of Ying Zheng Qin (China)
7207,Tenba Chuan Xiang Yao (China)
7203,Dark Lord - Dusty Contract (China)
7200,Space Legend (China)
7199,Alien Dragon (China)
7193,India Tarrasque (China)
7184,Legendary Holy Warriors (China)
7102,Naruto Knight
7046,Dark Revelation - The Rise Of The Dead (China)
7037,Water Margin kill - anybodys game (China)
7010,Final Da Guizi 3 (China)
6985,The Deformation Of A Deadly Weapon Fighters (China)
6949,Mad Laugh To Heaven Three-Cut (China)
6940,Dragon Chapters - Cut Edge Magic (China)
6930,A Tude Pull Day Air War In Mind (China)
6920,Gemini recorded the Sword Magic Flute (China)
6843,Magic Emperor - Seven Nights Monarch (Korea/China)
6842,Crown Princess (China)
6806,Demon Sword Beast Burning (China)
6777,Shushan
6726,Inferno Divine Comedy 2 (China)
6695,Master of War (China)
6694,Xian Xia Tour - Comedy Regulus (China)
6660,Blade of Fate (Korea/China)
6650,Seven-Maken (China)
6644,The Player (Movie Genuine) (China)
6640,West Wind (film Genuine) (China)
6629,Dark soul of the town of Redemption Song (China)
6607,Once upon a catastrophe Regulus they reveal the (China)
6519,steel male soul - Galactic Warrior (China)
6450,Legendary Juggernaut Vertical And Horizontal World (China)
6442,Once Upon A Ranger Transmission (China)
6429,Dark Dungeons
6376,East Tsim Sha Tsui Black Chocolate Tiger (China)
6349,Battle Royal Park (China)
6348,Westward Water Margin - Tianshaguxing (China)
6181,Westward Journey Wu Kongchuan
6174,Warriors of Empires (China)
6159,Demon Hunter 2 (China)
6158,Search Qin 2 - Litters Mausoleum (China)
6113,Dream Realm (China)
6094,Libertine - Ji Xiaolan (China)
6092,Princess Iron Fan Yongjiu Bull Demon King (China)
6049,Fairy Mowu Passionate Shuangxiu (China)
6042,A big sea the mermaid dream Nobita (China)
5954,Biography of the legendary magic chopper Star (China)
5813,Demon Rules - Blade
5811,Xia Off The Line Freely Roam - The Rivers And Lakes (Jin Yong Genuine)
5802,Crazy List Of God 2 - Legend Of Us
5800,Three Galant
5776,Spirit World Of The Deadly Jones (China)
5756,World of Warcraft - Death Knight Prequel (China)
5744,Demon Hunter (China)
5725,Reincarnation Ghost Robbery - Time Hero
5599,Music Hall - Xianlvqiyuan (China)
5589,Music Hall - Captain Hook Pirate King (China)
5547,To Immortality Of The Red Aventure (China)
5526,The Loss Of Winged Angels Outsider Huanshi Lu (China)
5523,Angels of Warcraft - White Illusions (China)
5517,Railway Guerrilla (China)
5477,The dawn of the dark edge of the three legendary assassins 3 (China)
5445,Tu Gods Kill Demons (Super Hero) (China)
5438,Et On Rhapsody (China)
5434,Treasure Of The Sierra Laces - Love Day Dance Blade (China)
5411,Devil Hegemony - Enhanced Equipment (China)
5369,Shaquille Line - Bloody Arena
5305,Love The Sword End Of The World 3 - Human Right (China)
5304,Devil Law - The Exorcist (China)
5298,My Date With A Vampire (China)
5328,Love The Sword End Of The World - Space Love (China)
5318,Love The Sword End Of The World 2 - Devil Love (China)
5290,Adventures of the Brave - a Magical Treasure (China)
5272,Princess Battle (China)
5268,Legend Light
5266,Divine Comedy Purgatory 2 (China)
5264,Kings Of Warcraft 2 (China)
5209,Legend of the Princess of the Fallen - City Contract (China)
5192,Violence Young and Dangerous - God of War Coming (China)
5185,Gods war record - Fallen Angel Lucifer (China)
5162,Seal Sanctuary 3 - Revenge of the Blade (China)
5111,Soul Calibur 2
5104,SymPhony 2
5086,Water Margin Three Gods - Comedy Version (China)
5070,Ghost Heroes - Ruin (China)
5064,Odyssey - Novel Genuine (China)
5056,Qin Shiming Month - The Night To Make Dawn (China)
5032,Immigration Universe - The Lords Plan I (China)
5004,Gods Forever - Junior Li Jing (China)
4990,Jing Wu Fengyun (China)
4967,Death Fatal Manipulation Overture (China)
4959,Love Card - Record Creators Swear (China)
4910,Fell Monsters - Bright Jihad (Chinа)
4903,Three Clouds (China)
4893,Kingdom Hearts - Love War (China)
4877,Action Masterpiece - Three Kingdoms - Ruthless Gun (China)
4864,Sword Dream - Dragon Xia Yuan (China)
4861,Indiana Gu Ying
4834,Cyclone Duo (China)
4822,Devil Swords (China)
4814,Horizontal Version of Melee - the End of Warcraft Legend (China)
4790,The Revenge of the Fallen Lord of the Rings (China)
4770,Extreme Zhang San - Feng Tai Chi (China)
4768,New Knight - The Legend Fairy Magic Way (China)
4750,Night Renzhe 2
4746,Jorney to The West 4 (China)
4724,Butterfly Magic Sword Meteor 3 (China)
4721,Legend About Seven Boundary Fighting (China)
4719,Outsider Knight - Huanmo Mass (China)
4704,Three Pa Dragon Dance - Nanban War (China)
4688,Saint Sword Story (Korea/China)
4661,Three Barrel - Shu Articles (China)
4627,Nether - Three Killed (China)
4593,Wuyong Legend (China)
4546,SPL (China)
4537,BrightShadow Bot Mark Pairs of Twins Love (China)
4529,X-Men - An Empty City (China)
4508,Devil Sword and Angel Tears - Reincarnation (Korea/China)
4480,Giant Conspiracy
4474,Water Margin - Tianshaguxing (China)
4473,Three Kings Forever Zhao Zilong (China)
4465,War of the Three Kings (China)
4451,Qin Shiming Month (China)
4432,Paladin Chaos - Ranger (China)
4428,Demon Hunter - The Mission Of The Sky (China)
4390,Pangu Tactics - Demon Sword (China)
4377,Knight of Future (China)
4359,Myth of the Black Dragon Martial Arts (China)
4342,Juxian - Pirate King (China)
4320,Saint Era
4312,Dynasty Warriors The Long - Range
4289,Block Anti - Terrorism Action Violence
4267,Guardian Legend (China)
4257,Yat-Sen Love 3 Days The Sword Of Language (China)
4250,Jiuxuan Qianshan Edge (China)
4223,Sword Soul (China)
4219,Devil Avenger (China)
4213,Animal Legends (China)
4206,Blood One Piece (China)
4203,Pocket Journey - Blood Tan (China)
4177,Gundam 2 Wings Of Steel
4171,Chuan - Ghost Crusade (China)
4159,Kung Fu Rabbit War Haughty Wolf
4131,Triple Blade (China)
4118,Decisive Brake Mazhen - Whip Zombies Foreigners (China)
4111,Treasures of The Crisis (Korea/China)
4075,Magic Worlds Tragedy Hannibal War
4058,Alien Action (China)
4055,Heavy Armor Output Transfiguration Militants (China)
4024,The History of The Dam of The Three Kingdoms Spared from War (China)
4006,The Kung Chi Wu Hou Tianwei
3996,Alice Collage (China)
3981,The New Hero Of The War - Moon Song (Korea)
3968,Evil Spirits Attack
3922,Action - After the Palace Guard Rebellion (China)
3912,Hero
3899,Tales of Hero
3879,Magic Prison Bright Shadow Bot
3868,Magic Huanshi Lu Cang
3855,Fairy Pen Recorded (China)
3849,Sacred World of the Sword (China)
3825,The Girl - a City of Memory (China)
3810,24 Hours Synchronized Fashion Girl
3802,Romance Ancient Heavenly Marriage
3788,Story Extreme Miemo Biography 2 (China)
3783,Qijue Maken
3767,Dungeon And Fighter 2 - Ghost Swordsman (Korea/China)
3634,Crystal New Sailor Moon (China)
3585,Five Tigers Will Be Sub-Dragon (China)
3555,I Was A Devil
3475,Xia Yuan Edge of Good and Evil (China)
3473,Boltman (China/Korea)
3458,Arty Knight (Japan)
3454,House Wulong - Kung Fu Shaolin (China)
3445,Legend of the Demon Sword Killer (China)
3428,Aden
2929,Warcraft Warrior
3414,Soul Legend Blood (China)
3411,Forever Y.S 4 - Angel Advent (China)
3399,Shushan Color (China)
3382,Forever Y.S 3 - Original Treasures (China)
3378,Forever Y.S. 2 - Original Treasures (China)
3375,Forever Y.S. - Original Treasures (China)
3370,Super Ninja (China)
3366,Steal
3343,Cang Magic Huanshi Lu / Mana Chronicle (China)
3335,Man in the Iron Mask - Anti-terror Plans
3331,Sirens in Troubled Times (China)
3290,Thorny Hills (China)
3280,Arena Hegemon (Korea/China)
3265,Treasure of the Sierra Yinqiang Ancient Magic (China)
3230,Mythical Flying Europe And The United States To Kill (China)
3214,Millennium Prophecy Maken (China)
3199,Strange Stories - The Phantom Strikes (China)
3194,Wrath of the Orcs (China)
3168,Knight Line - Warriors Beheaded 1000 (Jin Yong Genuine) (China)
3126,LOA - God Biography (China)
3145,Three King Chuan (Korea/China)
3131,Rainbow Shadowbane (China)
3092,Travel to the West (China)
3086,Snow Drinking Blade (China)
3084,Touch of Zen Pass Throuth the Space - Time Hero (China)
3077,Huo Yuan Science and Technology - The Legend of Bruce Lee (China)
3066,Contra Zero (China)
3061,Action Fighter (Korea/China)
3042,Maple Archer (Korea/China)
3014,Love The Sword Of The End Of The World - Time And Space (China)
3004,Love The Sword End Of The World 2 - The Devil Food Of Love
2999,Fable Hero (China)
2995,Valkyrie Legends (China)
2993,Mysterious Angel Xia Chuan 2 (China)
2977,Colombia is a Legend - Andy Rumors (China)
2974,The Space of Knowledge - The Adventures of Queen (China)
2911,Ninja Gaiden (China)
2904,Legend of the World - Empire at War (China)
2827,Dragon Craft
2783,Castlevania Requim
2771,Xianjie Ranger Chuan (China)
2768,Warrior Castle (China)
2763,War Warcraft Orc Stormriders (China)
2757,World Of Warcraft The Dark Kinght (China)
2728,Dungeon & Fighter
2719,Mortal Juelian Merciless Swordsman (China)
2715,Devil May Cry
2685,God mad (China)
2683,Through the Myths - the Girl Mercenary
2681,Dragon Illusion
2668,Sword Hero
2659,Caos Tomb (the tomb of three) 2 Invasion (China)
2658,Cry Hunter - Journey
2639,Biohazard - Zombie (China)
2624,The Legend Of Columbia
2595,Double Mars Bot BrightShadow legend (China)
2583,The Assassins Nuclear Crisis
2567,Mercenary 2009 (China)
2577,Super Ex Dragon Sango - South War
2490,Magic Armor
2545,Devil Hunter X (China)
2539,The Dream Pair Tiandi Jie (China)
2494,Demon Overtaken (China)
2484,The War God (China)
2467,Elements Of The City
2422,Arms Soul (China)
2403,Soul Hunter (China)
2379,Zerg War - Star Chapter (China)
2367,Sixth Stage Of Assassins Seal (China)
2315,I Will Finish The Warrior (China)
2270,Battlefield Scouts - Eight Years Of War Anger (China)
2171,Knights - Moon Legend (China)
2072,Boot - Metal Slug (China)
2069,A Time To Kill 2 (China)
2039,Brutal Captivity (China)
2001,God Of War - Legend Of The Decisive Battle Of The Pyramid (China)
1991,The Legendary Master Of The Sword (China)
1865,Police Story 2 (China)
1862,Monster Hunter (China)
1859,Fascists Ghost (China)
1800,Savage Island 2 (China)
1828,Xuanyuan Senki (China)
1805,Savage Island 3 (China)
1819,Dark Warrior 3 (China)
1809,Savage Island 4 (China)
1798,Myth (China)
1785,Seven Artifacts - Gods Bow (China)
1629,Desert Blade - Lonely Evil (China)
1542,Jian Shen Unparalleled  Of Killing (China)
1511,Shadow (Korea/China)
1489,Warriors - Zhao Chuan Yun Forever (China)
1432,A Soldier Of The Future - 24 Hours To Save (China)
1403,Hit Armor God Of War (China)
689,Contract Heritage Of The Wolf (China)
1346,Heroes Of The Warring States - Qin Emperor Secret Tomb
1306,Girl With A Hell Of Zombies (China)
1296,Ninja Gaiden 3 (China)
1168,Temptation Stunning Princess (China)
1072,Heavenly Sword 2 - Seal Sanctuary (China)
1069,The War God Of Murders (China)
1058,Fight Campus Overlord (China)
790,Sleeper (China)
777,Exorcist - Hell Huoying (China)
753,Dungeons Come - Dark Jones (China)
744,Chuan Wu Song Difference Water (China)
694,Shinobi Tolerance (China)
635,Monk (China)
605,Yang Chuan Hunter Blood of the Evil Dragon
582,Tenchu (China)
515,Naruto Adventure (China)
504,Ghost Torment (China)
460,SWAT 3 Soldier Of The Future (China)
455,Magic Rentals (China)
424,Omen (China)
398,Burning Empire Of Warcraft (China)
273,Hand Devil Demon Strong Attack (China)
142,Sailor Moon X (Korea/China)
112,CS: SWAT True 3D Version II
107,3D Anti-Terrorists Action
88,Robo God of War (China)
77,GTA - The Rise of The New Godfather (China)
59,Tomb of Dragon Emperor (China)
41,Jing Ke Li - Legend Swords (China)
40,Core Crisis (China)
34,God of War 2 (China)
23,Assasin (China)
21,Splinter Cell (China)
