19075,Ghost Eater Mass Killer
19059,Dracula Castle Mystery
19052,Summer Moon Mansion
18839,Doraemon - Island of Miracles
18704,Kung Fu Panda 3 - The Promise (China)
18434,Super Adventure Island - Forever Mary (China)
18407,Libertine drama beauty (China)
18062,The new version of Mary big adventure (China)
18060,The big battle of cat and mouse (China)
17960,The armored Vajra violence Edition (China)
17862,Mega Man 5 Bruce conspiracy (China)
17391,The Shinjuku Ichome events thin (China)
17390,Squirrel home Adventures (China)
16596,City of fishing (China)
15519,Li Lisha adventure log (China)
15512,Chip n Dale Rescue Rangens (China)
14814,Super Mario (China)
14773,Mr Bean - Around the World Adventure (genuine) (China)
14274,Legend of the Five Elements - Dawn of the Mysterious Island (China)
14149,Naruto forbearance Soul II (China)
14058,Penguin Adventures (China)
13887,Dawn of the Jurassic (China)
13633,Fox brother row Rainbow Island (China)
13629,Fantasy adventure in Egypt (China)
12716,Adventure Island - New 2013 Edition (China)
12340,Monsters Hunter Choice Wizard
12259,Room Escape the Tower of Babel (China)
12216,Danielle Adventures Collectors Edition (China)
12050,Doraemon - A dream Nobita Corps Iron Man (China)
11986,The original scream - girls were also risk (China)
11942,Mega Man 4 - New ambition (China)
11654,Savage Island crossing (China)
11615,Strange island adventure (China)
11606,Emergency dispatch Vice City (China)
11390,Magic Girl Story - Crescent Island Adventure (China)
11327,Rolling Adventure (China)
10858,Top mushrooms 3 (China)
10644,Sonic Evolution (China)
10546,Master of God (China)
10355,Doraemon - A Dream Nobitas Dinosaur - Genuine (China)
10311,World War Hulk brother fox (China)
10306,Adventure Island Forever (China)
10300,Rotary Babe Long 2 (China)
10204,Magic Baby (China)
9966,Primitive Rebel Adventure Island (China)
9618,Daqin Myth - Mausoleum Phantom of the Opera (China)
9374,Doraemon - A dream to open up the history of the universe Nobita (China)
9194,Fantasy Island - The Ultimate Adventure (China)
9182,Doraemon - A Dream Games (China)
9153,Q-Kangaroo checkpoints Adventure King (China)
9123,Jedi Knight - dragnet (China)
9104,Fantasy world (China)
8932,Mayan Tomb of God (China)
8813,Ghost Story of the Ghost Story (China)
8811,Cool dog jungle Open Season (China)
8808,Ghost Story 3 - Spirit Fox Phantom of the Opera Ghost Story (China)
8738,Submarine Adventure (China)
8582,God of War Return (China)
8559,BT Bear Adventure (China)
8321,Jungle Adventure (China)
8317,Pipeline Brothers Adventure (China)
8179,Adventure Ben Ben (China)
7548,Green Forest (China)
7509,New Adventure Island 2 - World Tour (China)
7506,Super Adventure Island 3 (China)
7498,Pentacle Legend (China)
7359,Age Of Discovery 2011
7202,Ultimate Adventure Island 2 (China)
6980,Pirates Of The Dream Of Space-Time (China)
6286,OPEN Teenager - Mystery Island Adventure (China)
6214,Neverland - death-defying rush (China)
6184,PM
6183,Adventure Island of Osama bin Laden (China)
6178,Odyssey Of The Pig Get Married
6177,Hell Shura
6112,Mega Man - Dr. Willie Mystery (Genuine) (China)
6061,Large Ghouls and Ghosts - Demons Come (China)
5863,The Dawn of Fantasy Island Runaway Panda (China)
5862,Legend Of The Pyramids Of Ancient Egypt Treasures (China)
5861,Rebel Comes In Different Forms Chrysanthemum Hole (China)
5860,Super Mario Adventure 2009 (China)
5859,Dinosaur Adventure Island Empire (China)
4663,Lost Civilizations Mayan Prophecy (China)
4619,Tame Long Senki Guardian (China)
4325,Big Adventure - Daniel Deluxe Edition
4116,Mystic Islands
3393,Havoc Journey to the West in the Sky (China)
3001,The Wizard of Oz (China)
2898,Doraemon - Dream Jorney to the West (China)
2879,Doraemon - Fantasy Adventure (China)
2875,Doraemon - Pirate Dream Island Adventure (China)
2866,Doraemon and the Legend of the Green Giant (China)
2860,Doraemon - Secret Dream Big Battle (China)
1680,Alien Crisis (China)
1514,Ultimate Adventure Island 2010 (China)
