19062,CS Counter Strike 2 Mission (China)
18842,New Plant Agents - Zombies
18781,3D Lightning - Guild Wars galaxy (China)
18725,Aircraft 2 (China)
18720,Up to a nuclear war in mind (China)
18708,New lightning 2013 (China)
18695,Counter Strike-Cross Fire (China)
18577,Lightning fighters - Thunder attack (China)
18571,Contra V Jagged Corps (China)
18397,Island crisis (China)
18381,The 3D tank Wars (Classic Edition) (China)
18112,Counter-terrorism in life - death neighborhoods (China)
18106,The ace special forces 5 - Cheetah actions (China)
18075,A universal chariot Metal Slug - fierce battle (China)
18068,Normandy landings (China)
18035,The new Journey mad Senki (China)
18031,Classic Battle City (China)
17973,Reloading fighter - firepower beachhead (China)
17889,Jungle combat (China)
17871,World of Tanks 2012 (China)
17713,Alice in Wonderland (China)
17696,Space Mars 2013 (China)
17670,Macross travelers (China)
17653,The core of the storm (China)
17420,Secret Gifted (China)
17339,Angel Ling Xia Prologue (China)
17303,FireWire crisis (China)
17268,Contra 2013 - Mysteries in the Jungle (China)
17033,Metal Slug 2013 (Genuine) (China)
16800,Rockets Superman (China)
16779,The hurricanes No. blitz (China)
16735,Time and space through the panda war (China)
16666,Tank world (China)
16649,Counter-Terrorism Plan (China)
16637,CF counter-terrorism - through the front-line (China)
16301,Battle of life and death articles (China)
16284,Bounty Shacheng (China)
16189,Doomsday machine war 2012 (China)
15922,Death Trek (China)
15754,Lightning - lightning raid (China)
15691,Ares Diamond - breakthrough in the sky (China)
15671,Zombie raid - homes Battle (China)
15665,Oriental Low sword recorded (China)
15559,Universal Metal Slug tank - conspiracy (China)
15387,1942 (China)
15318,Blood hero landing on a beach (China)
15171,Tanks storm (China)
14956,Fast speed of the western sheriff gunmen (China)
14877,DIY deformation planes (China)
14855,God of War universe - Armor legend (China)
14850,CS Ares - Air Force legend (China)
14844,King of the battlefield (China)
14784,Assault - Mech Mars (China)
14779,Raytheons top - 1950 (China)
14761,Situation of World War II air supremacy (China)
14745,Future Men - Super Edition (China)
14712,Destruction of aircraft - Armor Storm (China)
14676,Super fighter - Raytheons anger (China)
14662,CS Counter-Strike armor of mechanical (China)
14548,Sharpshooter Jack (China)
14455,Advent of Tarrasque World Dragon (China)
14425,King-T34 tanks on Tiger (China)
14421,CF counter-terrorism - sniper elite (China)
14197,Armor King (China)
14061,Fantasy Island Adventure (China)
14025,Angry police (China)
14021,The large tank of World War II combat situation (China)
13965,Dark Revelation (China)
13876,Metal Slugs blood Kuang Hua (China)
13848,CS anti-terror raid - FireWire task (China)
13788,Blood! Zombie hunter (China)
13777,The Happy Dance Macabre (China)
13734,3D Lightning 1945 (China)
13642,Galacticos (China)
13515,Snow Leopard Raid 3 (China)
13409,I-Arcade genuine exotic warrior (Korea/China)
13218,FY 1911 Century (China)
13216,Crazy fighter - Air force (China)
13149,Thor Electric anger - through the front line against terrorism (China)
13147,The Code - Zero (China)
13061,Shark! Shark! Shark! (Arcade Genuine) (Korea/China)
13039,Death of Bin Laden
12967,Thunder Storm 2020 (China)
12920,Farm Wars zombie (China)
12908,Assault - Tactical Unit on terror (China)
12873,Battle of Earth 2012 (China)
12724,Kill devils - behind enemy lines work force team (China)
12697,Battle Tank - Decisive Battle At Berlin (China)
12623,CS agents - Monster Siege (Korea/China)
12615,Empty Soul - Falcons counter-attack (China)
12594,War crisis - Pharaohs Fury 3D (China)
12399,Hawk Middle East (China)
12231,The counter-attack fantasy battle tank (China)
12218,Field Commander (China)
12192,God of War King 3 (Armor Edition) (China)
12164,Terrorism Jones - Shaheen action (China)
12154,Heavy armor raid operation (hot version) (China)
12105,The National War Metal Slug (China)
12080,Ultimate Killing - Call of Duty (Warplanes) (China)
12040,Special operations soldiers of the Falcon (China)
11951,Metal Slug Survivos (China)
11948,Union cavalry - war tanks (China)
11791,Baihu Di Chi Warring States 3 (China)
11779,Air Combat Warriors - Thunderstorm 2012 (China)
11683,Blocking suicide note (China)
11649,Beach landing 2011 (China)
11568,CS anti-terror mission (China)
11303,Sin against the pass - Gods duel (China)
11257,Invasion of the sea world (China)
10994,Storm World War II - Air Alert (China)
10989,Nuclear proliferation in East crisis (China)
10959,Jungle off-road (China)
10946,The Lost Viking (China)
10727,Resident Evil - Task (China)
10652,Tomahawk Action 2012 (Lightning fighter) (China)
10461,Gun fire hero (China)
10384,Womens Task Force of the blood Kuanghua (China)
10353,SWAT
10345,SWAT 2 (China)
10327,SWAT 4
10175,LORI Air Combat - Meng, Department of Competition (China)
10111,World War II History - a bloody battle (China)
10015,Dragon Warring States (China)
10011,SWAT Elite - 24 hours of terror (China)
9994,Sky Legend (China)
9982,Red Sky (China)
9959,Star Storm (China)
9957,Star of the different degree of armor (China)
9924,Stealth - three beautiful women (China)
9914,Bionic Commando - Sealed Magic Resurrection (China)
9898,Code Hornet (China)
9896,Bow hunting video (China)
9866,Chuang Tong rabbit (3D Genuine) (China)
9831,Los Angeles anti-terrorist hero (Counter Strike) (China)
9766,3D Star Wars (China)
9761,Oracle dance (China)
9703,Ultimate Sniper (China)
9701,Robotech (China)
9697,SWAT sniper Life and Death (China)
9686,Need CS counter-terrorism (China)
9672,Killing Machine Nazi Zombies 3D
9592,Lord of War (China)
9590,Tiangang fantasy (China)
9568,Mech magic (China)
9518,Elf Warriors and the mainland devil 2 (China)
9242,Armored frenzy (China)
9235,Crysis - survivors (China)
9218,CS counter-terrorism - the attacks of life and death (China)
9215,S_Dragon Legend (China)
9212,Stargate - Jedi fight back (China)
9072,Rhapsody of the war - the legendary gunman (China)
8675,Sky Force 2 (China)
8563,Halo (China)
8555,God of War Jedi Storm Armor
8547,War Front
8504,Battle Garden
8440,Need for Air Combat (China)
8314,FeiJi (China)
8296,Heavy Tank (China)
8258,Four Fighters - Ace Combat (China)
8254,Sina - Tiger By (China)
8252,Fantasy Journey to the West - Red Child (China)
8247,UFO 2048 (China)
8223,Battle City - Core Equipment (China)
8214,Terminator The Falcon Action (China)
8211,Empty Soul Legends - Thunder Hawk (China)
8202,Super Lightning Action (China)
8190,Magical Girl (China)
8175,Star Pirates VS Beautiful Savior (China)
8139,Counter-Strike - Hot Policewoman (China)
8017,Phoenix God - Spell Supernatural (China)
8006,Rebel Soldiers Den Alloy (China)
7959,Star God of War (China)
7872,Gears of War 2 Heavy Tanks (China)
7869,The Lightning Attack Ace Combat 3D (China)
7852,Century Combat (China)
7836,Legend of St. mainland Ys (China)
7824,Ace Combat Unlimited Firepower (China)
7822,Terminator 2010 (China)
7595,Transformers (China)
7592,Kuanglong Knight (China)
7589,Crazy Planes 2 (China)
7586,Independence Day Avenger (China)
7569,Lightning Fighter 3 (China)
7565,No.3 Eastern Ares Ultimate Lightning (China)
7560,Lightning EX (Genuine) (China)
7542,StarCraft 2 (China)
7539,Agents of the tight encirclement of despair (China)
7515,Classic Battle City 2 (China)
7512,Counter Strike Warrior 5 (China)
7402,Big Sister - Counter Strike (China)
7362,Through The X Line Of Fire
7318,Tanks Wars
7317,Super Battle City
7273,Phoenix God - Nine Basaltic (China)
7191,Lightning Storm (China)
7177,Wind! Mine! Power! Destruction Of War Soul (China)
7167,Mech Magic (China)
7158,Cai Jing Warring States (China)
7151,Dimension Of The Wing (China)
7139,Star Wars Clone Crazy (China)
7090,Lightning Fighter 2012 - Rebirth (China)
7084,Special Forces 2 - Counter-Strike (China)
7076,Da Guizi (Sword Genuine) (China)
7070,Sword Of Omen Robbery Rivers And Lakes (China)
7017,Secret Armor (China)
7006,BB Warrior Armored Fighters Three Days Of Traditional Transmission (China)
6995,War On Terror - Western Elite (China)
6970,Lightning Hero (China)
6958,Absolute Force - Deadly Attack
6912,Armored Lion - Terminator (China)
6907,Terminator 3 - Special Forces (China)
6899,Battle of the sky Maken 1 (China)
6891,Avatar - IMAX version (China)
6880,Royal Cents Recorded In Outer Space (China)
6841,Stay over Buddha (China)
6814,Contra - Evolution Revolution
6792,Latency
6782,Across The Front - Air Combat Heroes (China)
6757,Battle City Arcade 2012 (China)
6756,New Super Battle City 3 (China)
6755,CS - Terrorism Special Forces (China)
6746,Tank Commandos - Super Tanker (China)
6736,Heavenly Sword Legend of Perfect (China)
6690,Lightning Action - Suicide Squad (China)
6672,New Macross - Sneaked Into Force (China)
6662,Skull Fighter (China)
6631,Second Thunder (China)
6626,Raiden Fighters 3D (China)
6617,Destroyed by Lightning (China)
6599,The Third Sacred Campus Fantasy Wars (China)
6588,FireWire Sky - Rise Of The Empire (China)
6581,Vanguard against terrorism - Counter Striker (China)
6568,Yangon Major Combat (China)
6547,New Gods (China)
6536,Star Wars Era (China)
6524,Conglinqibing 2 (China)
6508,Nine Xuannv (China)
6499,Men CS - counter-terrorism (China)
6488,Armored Fighting Spirit 5 (China)
6470,Tall Story love you a thousand years (China)
6469,Salamander - Deluxe Edition (China)
6468,Tale of World War II fighter Hell (China)
6466,Lighting 1944
6464,Red Fortress II - Desert Fox
6463,Harry Potter (China)
6462,FC-1
6461,Fierce Battle
6391,Lightning Sky (China)
6313,X Fighters 2010 - War On Terror Raid (China)
6209,Submarine Warriors
6185,Need Tank 2010
6179,Battle City 2 (China)
6145,Mercenary Wars (China)
6069,God of War King (China)
5991,Death Attack (China)
5986,Cleopatra (China)
5982,Battle City 2 : Nuclear Crisis (China)
5960,Super Boy Band Of Brother
5805,House Of The Dead - Nightmare
5774,Empire Invincible Fighters Raid (China)
5686,3D Battle City 2 (China)
5665,Thunder Fighter
5649,Contra 2012 (China)
5608,CS Anti-Terrorist Vanguard - G9 Boutique (China)
5530,Way End Crisis (China)
5490,God of War Atlas (China)
5270,M Red Eagle (China)
5152,Battle City OL (China)
5010,Revelation War - Korean War (China)
4908,Dripping Hearty - Air Strikes Trump Card (China)
4820,Delta Force 2 - Extreme
4739,Counter Terrorism Special Unit Codenamed - Cobra
4735,Soldier Legend - a Breakthrough (China)
4690,Galactic War Battle of Human Worms (China)
4617,Raiden (China)
4613,Fire! The Last Drop of Blood (China)
4384,The Second Element Of The Wing SEGA (China)
4380,Battle Of The Unusual Star (China)
4379,Fatal Attack (China)
4315,Dragon Nest
4127,The Basic Crisis (China)
4096,Armored Knight Rumor (China)
4037,Star Artillery Guns Together
4026,Eternal Battle City
3944,Lighting Star Wars
3938,3D Battle City (China)
3297,Metal Slug 2011
3111,Battle City (China)
3099,Skeleton Fighter (China)
3058,Battle City - Paer Elite (China)
3044,CS Swat 2 3D
2960,Zombie Siege (China)
2907,Medal of Honor - the Fighting Spirit (China)
2804,Fengkuangtanke 2012 (China)
2697,The Japanese Troops - Rebuffed the Jedi
2628,Navy F-14: Against Vietnam
2593,CS Actions To Combat Terrorism
2469,SWAT CS (China)
2353,Ace Fighter
2303,Fengkuangtanke 2010 - Heart of Iron (China)
2227,Alloy Archives Combat Plan (China)
2178,Gulf War (China)
2176,Macross Fighters (China)
2163,Counter - Terrorism Agents (China)
2007,Manage The World - Of The Sniper 3D (China)
1957,Lone Gunman On Nemesis (China)
1904,Shooting Gallery (Japan)
1847,Contra 2 (China)
1846,Contra (China)
1591,Special Forces - A Lone Hero (China)
1527,Dragon Knight (China)
1525,Universe Cruiser (China)
1417,Contra 3 (China)
1409,SWAT - Crossing The Line Between Life 2 (China)
1348,Arms Lady - Chlodor (China)
1290,SWAT 3 - Soldier Of The Future 2 (China)
1200,Core Fighter 3D (China)
1189,SWAT 3 - Soldier Of The Future (China)
1118,Fighting Armour Souls 4 (China)
1112,Fire Storm (China)
1097,Worlds Best - Super Battle City III (China)
1094,Battle City 08 (China)
1022,SWAT - Extreme Hot Version (China)
891,Panzer Storm (China)
864,CS SWAT - Variant Crisis 3D (China)
854,Silent Sniper 3D (China)
838,Battlefield Assault (China)
832,CS: Armored Core (China)
825,God of War Chingtien (China)
819,Demon Land (China)
740,Western U.S (China)
721,Battle Tank - Super Vehik (China)
571,BB Warrior Three - Days of Armor Fighter (Japan)
529,Hero 3 Dragon Thunder Bird (China)
403,SWAT - Crossing The Line Between Life (China)
191,War on Terror Attacks (China)
159,Transformers (China)
80,Storm (China)
74,SWAT Counter Police - Super Edition
8,CS War of Resistance Against (Japan)
