18988,Dungeons and Gold Warriors (China)
18973,Five Circles of Blue if Seal the Demon Ghost (China)
18715,Summer Wars (China)
18661,Jump pig Wars Hunter (China)
18642,Love of the ocean - Crazy dolphins (China)
18632,The birdie escape Adventures (China)
18594,Too Late egg (China)
18584,Angry bomb (China)
18544,Temple flee 2013 (China)
18531,Electro-dance party - Rolling Stones stars (China)
18379,The hilarious three Oolong school (China)
18343,Toucan Bubble Bobble (scramble) (China)
18240,Kung Fu dumplings (China)
18181,The Snowman brother (official Genuine) (Korea/China)
18179,Daren music box (China)
18170,Gold Miner 3 - Space (China)
18138,The bomb hero - machine warrior (China)
18121,Pleasant large jump (China)
18064,The fast male music frenzy (China)
18027,Music cube (China)
17949,FireWire Pupil (China)
17923,Top mushrooms 4 - Mario (China)
17881,Zombie bride kidnapping (China)
17839,Temple flee (China)
17806,Angry Birds (sprint version) (China)
17789,Sonic Adventure Island battle (China)
17785,Catapult pig (China)
17771,Farmer Gophers 2012 (China)
17738,Dead (China)
17707,Star hop girl - cloud country adventure (China)
17701,Frog Adventure (China)
17630,Super Bomberman 3D (China)
17603,Paper basketball (China)
17580,She and his story (China)
17578,Sky overlord (China)
17541,Hop soul (China)
17539,Cows people Run (China)
17519,Comedy monk break situation off (China)
17507,Speed shooting (China)
17485,Princess Warrior treasure hunter (China)
17373,BNB 2012 (China)
17315,Spy rats younger brother (China)
17289,Ones devour - Explorers 2 (China)
17276,Cut buttons to help the beauty (China)
17272,Flying out of draft of this (China)
17158,Fishing up Cultivation Edition (China)
17099,Pumping your deal is off! (China)
17097,3D Hugo spies (China)
17069,Angry chicken war red pork (China)
17036,The pirates rat Zhiyong large checkpoints (China)
17012,Mung bean frog treasure legend (China)
16996,Angry bird 3 (China)
16972,Spy mouse (China)
16963,Cat and mouse war - battle of cheese (China)
16953,Super maze hide and seek (China)
16695,Deep-sea hunting - the East China Sea arowana (China)
16664,Guard their homes - Plant Zombie version (China)
16663,Crazy fisherman (China)
16643,The small dinosaur love taking a bath (China)
16581,Fishing up 2 (China)
16563,Gold Robbery (China)
16558,War of bliss bubble (China)
16534,New version of Small bees home (China)
16487,Pig jump (China)
16486,The dumpling big adventure W (China)
16480,Deep-sea fishing - ones devour (China)
16429,Fruit ninja - HD version (China)
16424,Zombies attacking the fruits war (China)
16388,Hot burning bomber (China)
16384,Blood coaster Fast Express (China)
16382,The Savage Taiwan fruit picking (China)
16348,Dog rescue plan (China)
16319,Ninja cat - crazy-cut fruits (China)
16306,Mad python legend (China)
16263,Fish eat small fish (China)
16249,Gold Thieves (China)
16197,Undersea treasure Story (China)
16174,Super funny king (Korea/China)
16156,Dawn of the magic tower - a dream adventure (China)
16133,Crazy sets of cattle (China)
16129,Three Kingdoms Fuzion (China)
16125,Dream Grill (China)
16115,Dream Pakistan Tower of Babel (China)
16079,Angry bird crazy version (China)
16073,Aerial drift (China)
16067,The counter-attack in mice (China)
15994,Paper jump (China)
15865,Angry pig (China)
15833,True 3D cubic century - cool (China)
15825,Shoot master (China)
15753,Clouds little girl - migratory bird (China)
15751,To-Fu Bomberman (China)
15734,Maze Indiana (China)
15730,Crazy to play the hamster (China)
15719,Fruit ninja - beauty Hesuiban (China)
15624,Ones devour - ocean princess (China)
15616,Duck Crossing (China)
15612,Fantasy Adventure - Bugs Tour (China)
15610,Crazy porter (China)
15606,Blasting bombing (China)
15593,Ninja jump (China)
15517,New Year Special Edition cut fruit 2012 (China)
15420,Zombies King (China)
15363,Fist of the Phoenix (China)
15351,Flying Ninja Cat (China)
15349,Light of the decision (China)
15294,Wind time (China)
15243,The King of an Extreme Skateboarding (China)
15209,Fruit swordsman (China)
15156,Pig Strikes Back (China)
15107,Brave Sky (China)
15036,Sea fish swallowed (China)
15032,See who threw the quasi (China)
15022,Bird of people - crazy round up (China)
14958,Graffiti jumping jump! (China)
14941,Hawaiian dance (China)
14885,Angry Monkey (China)
14865,Deep-sea fish swallowed Cry (China)
14860,Little Laundry - the entrepreneurial path (China)
14847,Brave bird (Korea/China)
14685,Beef disturbance (China)
14683,Superman fishing (the island version) (China)
14667,Tribal Story (China)
14664,NOMO array of precious stones to kill (China)
14550,Crazy brick 2 (Arcade Genuine) (Korea/China)
14540,War - mine warfare (China)
14536,Dream Farm - Adventure Story (China)
14531,Ninja Panda Smash Bros. (China)
14500,Disneyland Turismo (China)
14490,Chicken - crazy version (China)
14480,Face jump (China)
14443,Dream of the phoenix (China)
14441,Flying Pig brother - a strong version of the storm (China)
14439,The Imp of reverse Pumpkin Island (China)
14393,Dairy tycoon (Korea/China)
14320,War of the Dragon reproduce the bubble (China)
14267,Hamster Story (China)
13911,Rock musicians 2 - songs list (China)
13798,Toy Factory (China)
13779,Zombie Invasion - Battle of homes (China)
13762,Parkour of people - the ultimate challenge (China)
13751,Innocent men and women with shiny 2 - genuine rescue an American (Korea/China)
13656,Super Snowman (China)
13654,Fruit Ninja - Qie Qieqie (China)
13554,100 men on the next layer (China)
13539,Counter-Strike - Tyrannosaurus version (China)
13411,Split pool (China)
13151,Magic War (China)
13150,Eudemons Kingdom (China)
13030,Angry Birds 2
13015,Octopus man of legend - Deep Sea Assault (China)
12989,Thumb Wars (China)
12987,Green Orcs tragic childhood (China)
12975,Happy Farm attacking zombies (China)
12969,War on the balloon situation (China)
12836,Happy Cat Village (China)
12793,Ruby Adventure (China)
12738,Deep-sea adventures - fishing Daren
12581,Welkin (China)
12577,Snakes fairyland version (China)
12575,Monopoly - Raiders of the Lost Goddess (China)
12497,Man big runaway (China)
12405,Ninja jumping (China)
12389,Super strange baby (China)
12370,Crazy Rabbit 2011- moon version (China)
12034,Gold miner 2 (China)
11704,Angry puppy (China)
11644,Bubble Adventure small Q (China)
11520,Crazy Penguin Adventure Edition 2011 (China)
11464,Endured the first fruits of the world (China)
11359,Lucky Rabbits Good Fortune (China)
11323,Urban graffiti (China)
11249,To duck flying (China)
11216,Monkey (China)
11165,Candy girl big party (China)
10981,Let bombs fly (China)
10944,Baby Bear (China)
10807,Bubble Bobble 2012 (China)
10753,Legendary Soldier - Japanese Hero (China)
10738,Special tasks (China)
10702,Reading the air 2 (Japan/China)
10395,King Kong angry - and very serious consequences (China)
10184,Layer under the 100 men - Heroine Version (China)
10181,Limit balance ball (China)
10164,Extreme weight loss 2 - burning calories (Korea/China)
10145,Angels Paradise - Pet Edition (China)
9936,Q version of the farm puzzle (China)
9874,Angry Panda (China)
9848,The heroes who save the United States bomb (China)
9783,Fun Run Le Huan Tong (China)
9778,Super Paopao Pao - Extreme Edition (China)
9776,Slash! Sexy Warriors (China)
9773,Hobbit Hall Cat Egg (China)
9753,The Ultra God butcher DOTA (China)
9615,Ultimate Hip Hop DJ frenzy slide (Korea/China)
9573,The Great Escape (China)
9559,Lost Star (China)
9282,The war against Zuma (China)
9228,Bad Xiaohua (China)
9171,Daren marbles (China)
9150,Adventurers of the Mayan beauty castle (China)
9146,Gold Adventure Island (China)
9063,I jump I jump I jump jumping (China)
8995,Okay no sun (China)
8924,Angry pig (China)
8832,Xiudou magician (China)
8618,San Mao wandering mind (China)
8611,Lotus Lantern of Aquilaria Po (China)
8606,100 dinosaur eggs off challenge (Korea/China)
8602,Colorful Ling Zhu (China)
8596,Lovers kiss (China)
8593,Perak team - the sky the limit (China)
8587,Smart Edition Ultimate fantasy magic ball (China)
8572,Fishing Frenzy 2011 (China)
8553,Jimmy genuine - to find the blue stone
8539,Bubble Q Hall
8312,Armed Tram Deluxe Edition (China)
8283,Superbomberman 2011
7973,Puchi Puchi octopus MM (China)
7961,Tricky Games N-One (China)
7854,Tribute to the Monkey (China)
7846,Expert Escape Death (China)
7779,Counter-Terrorism - Cross Fire (China)
7519,Out of Bugs Island (China)
7502,City Hunter Sport (China)
7478,Gold Miners - Somali Pirates (China)
7459,The simple-minded, Happy Chicken Ranch Adventure (China)
7124,Interstellar Terror Reincarnated (China)
7055,Dance Band (China)
6211,Pocket Bomberman
6210,Game of Brave (China)
5989,Naruto Trials of Prison (China)
5971,Journey of Desire (China)
5905,Super Mario Series Of Classic Nostalgia (China)
5904,Gold Miners
5561,Speed (China)
5274,Go Mad (China)
5262,Japanese Style - Glacier Earth (Japan)
5196,Mini Game Story
5093,Ultimate Adventure Panda (China)
5040,Pumpkin Tram (China)
5014,Irresistible Piggies (China)
4968,Xiao Pihai - Mad Notes
4966,Baby Rabbit (China)
4912,Stone Were Strange World Adventure (China)
4901,Shining Wind the Best Breakout
4879,Open Spore (China)
4857,Audition - Mobile Special Edition (China)
4753,Neverland Romance Of The Jungle
4684,Assassins (China)
4652,Pattern Man (China)
4641,Ping Pin (Korea/China)
4397,Kung Fu Panda - Cobopanda (China)
4322,Fantasy Rainbow Island
4113,Smash Bros.
4098,Wild Urban Streets Multipass
4042,Beauty Cafe
3937,Eternal Ala-Leu (China)
3918,Office Love (China)
3537,Jokes - Curse Yov Draw A Circle
3484,Boom Up 2 (China)
3364,Troublemaker Superman (China)
3263,Crazy Bomb (China)
3166,Heartbeat Cable Car (China)
2982,Panda Da Beast The Great Escape
2961,Angel Beauty World War Wizard Mouse (China)
2801,Counterterrorism Bomberman (China)
2687,Block Breaker
2591,By 2 Fans (China)
2396,Zuma Elder Dragon (China)
1906,The Legend Of Many Types Of Ice Fishing (China)
1756,200-in-1 Pocket (Korea/China)
1607,Bomberman 2010 (China)
1550,To Pass Any Cost (China)
1506,Flash Pretty Baby (China)
1503,Dream Photo (China)
1148,Baby Long Adventure 2 (China)
1104,Great Adventure Rats (China)
1092,Crazy Pacman (China)
1066,Pocket Circus (China)
1028,Ultimate Adventure Island (China)
1025,Ruier Save A Fairy Tale World (China)
910,Teenage Mutant Ninja Turtles 3 (China)
1009,Aladdin - The Legend Of The Magical Land (China)
966,Baby - Artillery Church (China)
926,Bubbleboy
861,Michael Jackson Is Dansing (China)
734,Snowman Brothers (Deluxe Edition) (China)
580,Myth
433,Super Mario - Girl (China)
134,Super Mario Forever 2 (China)
127,Super Mario Forever (China)
98,Plant Zombie Christmas Edition (China)
