17054,Dragon Century (Online/China)
16243,Cents Mirror (China)
13097,The World (Online/China)
13037,Initial War (Online/China)
12348,World War II Situation Online (China)
11851,Crazy Ranch Online (China)
11809,Horizon Online (China)
11801,Shu Wariors Online (China)
11763,BRAND Online (China)
11761,Star shells Hall Online (China)
11759,II-Endless Conquest of Ancient Online (China)
11757,King OL-Ikkitousen (China)
11755,Pearl of the Three Kingdoms (China)
11753,Taken OL-Past and Present (China)
11679,Taken 2 Online (China)
11651,Битва у Красной Скалы 3D (China)
11632,Empire Online (China)
11630,Chaos 2 Online (China)
11627,Red Hero 2 Online (China)
11618,Drunk Arena Online (China)
7234,Merciless Sword Online (China)
3462,GuanDu War (China)
1535,God Lease (China)
